-- MySQL dump 10.13  Distrib 5.7.17, for macos10.12 (x86_64)
--
-- Host: localhost    Database: educacyl
-- ------------------------------------------------------
-- Server version	5.7.11

/*!40101 SET @OLD_CHARACTER_SET_CLIENT=@@CHARACTER_SET_CLIENT */;
/*!40101 SET @OLD_CHARACTER_SET_RESULTS=@@CHARACTER_SET_RESULTS */;
/*!40101 SET @OLD_COLLATION_CONNECTION=@@COLLATION_CONNECTION */;
/*!40101 SET NAMES utf8 */;
/*!40103 SET @OLD_TIME_ZONE=@@TIME_ZONE */;
/*!40103 SET TIME_ZONE='+00:00' */;
/*!40014 SET @OLD_UNIQUE_CHECKS=@@UNIQUE_CHECKS, UNIQUE_CHECKS=0 */;
/*!40014 SET @OLD_FOREIGN_KEY_CHECKS=@@FOREIGN_KEY_CHECKS, FOREIGN_KEY_CHECKS=0 */;
/*!40101 SET @OLD_SQL_MODE=@@SQL_MODE, SQL_MODE='NO_AUTO_VALUE_ON_ZERO' */;
/*!40111 SET @OLD_SQL_NOTES=@@SQL_NOTES, SQL_NOTES=0 */;

--
-- Table structure for table `CURS_ALUMNOS`
--

DROP TABLE IF EXISTS `CURS_ALUMNOS`;
/*!40101 SET @saved_cs_client     = @@character_set_client */;
/*!40101 SET character_set_client = utf8 */;
CREATE TABLE `CURS_ALUMNOS` (
  `C_CIE_ID` varchar(16) COLLATE utf8_spanish_ci NOT NULL,
  `C_NUMIDE` varchar(9) COLLATE utf8_spanish_ci DEFAULT NULL,
  `A_APELLIDO1` varchar(40) COLLATE utf8_spanish_ci NOT NULL,
  `A_APELLIDO2` varchar(40) COLLATE utf8_spanish_ci DEFAULT NULL,
  `A_NOMBRE` varchar(40) COLLATE utf8_spanish_ci NOT NULL,
  `B_SEXO` varchar(1) COLLATE utf8_spanish_ci DEFAULT NULL,
  `F_NACIMIENTO` varchar(30) COLLATE utf8_spanish_ci DEFAULT NULL,
  UNIQUE KEY `CURS_ALU_PK` (`C_CIE_ID`)
) ENGINE=InnoDB DEFAULT CHARSET=utf8 COLLATE=utf8_spanish_ci;
/*!40101 SET character_set_client = @saved_cs_client */;

--
-- Dumping data for table `CURS_ALUMNOS`
--

LOCK TABLES `CURS_ALUMNOS` WRITE;
/*!40000 ALTER TABLE `CURS_ALUMNOS` DISABLE KEYS */;
INSERT INTO `CURS_ALUMNOS` VALUES ('BCYYFT20020D8503','Z8204789G','BACHIRAT','null','FÁTIMA EZ-ZAHRAE','M','28/10/2002'),('BLYYHJ200065F907','Y0958806L','BELHABE','null','HAJAR','M','24/04/2000'),('BLYYHJ2065F907','Y0958806L','BELHABE','null','HAJAR','M','2024-04-20'),('BLYYKR2001132602','Y9209055F','BILALI','null','IKRAM','M','28/10/2001'),('BNYYHY200339DE04','Y8150694Z','BENNOUIS','null','HAYATE','M','28/09/2003'),('BÑBÑDR20072C4F05','86750570K','BAÑEROS','BAÑEROS','ADRIÁN','V','09/04/2007'),('BRYYND2000AC8908','18176540P','IBRAIM','null','ANDREI','V','09/09/2000'),('BRYYND20AC8908','18176540P','IBRAIM','null','ANDREI','V','2009-09-20'),('BTYYDN20034C6407','Z6269325J','EL BOUTAYBI','null','ADNANE','V','13/10/2003'),('BZYYDR2007C32B08','X1286729V','BIZAU','null','ADRIAN IONUT','V','17/04/2007'),('CCYYND2009F95202','Y5661898W','CIOCEA','null','NIDAL','V','19/10/2009'),('CFYYVN200587EE06','Z7251910S','CIOF','null','EVA','M','06/10/2005'),('CHYYJN20104FEC04','Y1249715R','CHEN','null','JUAN','V','09/10/2010'),('CHYYVL2007562904','X8178943M','CHIRA','null','VLAD-CRISTIAN','V','11/04/2007'),('CHYYZD200642A101','Y3064430Q','AACHBOUN','null','ZAID','V','29/04/2006'),('CSJÑMJ200146EE04','11424513E','CASADO','JÁÑEZ','MARÍA JOSÉ','M','11/10/2001'),('DLVZDN20096FC004','81379975H','DEL REAL','VIZCAINO','DAN','V','01/10/2009'),('DLYYDL2001226005','Z7470443W','DILAWAI','null','DILAWAIZ','V','27/10/2001'),('DNYYND2003650203','Y5055913K','DINU','null','ANDREI RAFAEL','V','28/10/2003'),('DNYYND2004357A05','Y7844232G','DINCA','null','ANDREI DAN','V','30/04/2004'),('DNYYRL2010F75704','X3941519D','DNISTREANU','null','RALUCA','M','03/09/2010'),('DZDZRB20053A3A02','48278691N','DIAZ','DIAZ','ROBERTO','V','06/09/2005'),('DZVZCL2002A84405','17357851G','DIEZ','VIZCAINO','CELIA','M','21/10/2002'),('FDYYMH2007D7B307','X0966632B','FADDIOUI','null','MOHAMED','V','20/04/2007'),('FLYYSB200099C109','X8632370X','FILIPIGH','null','SEBASTIÁN CARLOS','V','28/10/2000'),('FLYYSB2099C109','X8632370X','FILIPIGH','null','SEBASTIÁN CARLOS','V','2028-10-20'),('FNYYWU200661BD09','X1670759Q','WU','null','FANGJIN','V','09/10/2006'),('FRVZDG20018F8803','67505671G','FERNÁNDEZ','VIZCAINO','DIEGO','V','24/09/2001'),('FTYYSH2006405905','Y2228359H','FÁTIMA','null','ISHA','M','29/09/2006'),('FZYYNH2002698D04','Z0997982V','FAIZ','null','NIHAD','M','15/10/2002'),('GDYYMH2009454009','04000175S','AGOUIDER','null','MOHAMED','V','21/04/2009'),('GIBLDN200053C904','95086838P','IGEA','BOLADO','DAN','V','11/09/2000'),('GIBLDN2053C904','95086838P','IGEA','BOLADO','DAN','V','2011-09-20'),('GLBLLV2008BD3D03','41288530B','GALÁN','BOLADO','ALVARO','V','28/04/2008'),('GMDZJV2004573507','11792206Z','GAMO','DIEZ','JAVIER','V','23/04/2004'),('GNBLCR200384C007','10917196Q','GONZÁLEZ','BOLADO','CAROLINA','M','19/09/2003'),('GNBLLB20014E8602','86461691E','GONZÁLEZ','BOLADO','ALBA','M','06/10/2001'),('GNDZJL201016EF04',NULL,'GONZÁLEZ','DIAZ','JULIETTE','M','08/10/2010'),('GNYYRR2001B3C608','X9435299D','GANEA','null','RARES','V','13/09/2001'),('GRVZPB20016DF502','69173988Q','GUERRA','VIZCAINO','PABLO SANTI','V','14/09/2001'),('GRYYHN20058EBB04','X4624615M','GRIOUI','null','HANAN','M','13/10/2005'),('GRYYTT2002F48508','Y4026296E','GURALI','null','TATI','M','06/04/2002'),('GSYYVS20015C4A02','Y0508138J','GOSTAVICEANU','null','VASILE LAURENTIU','V','22/10/2001'),('HRBCPT2006210907','64726883F','HERNANZ','BUCKLEY','PATRICK SANTI','V','20/10/2006'),('HRBLJS200270B204','42500356J','HERNÁNDEZ','BOLADO','JUSTO JUAN','V','08/04/2002'),('HRDZFR2007FFDC09','11639878S','HERNANDEZ','DIEZ','FERNANDO','V','21/04/2007'),('HYBÑNG2000623806','75392321T','HOYUELO','BAÑEROS','ÁNGELICA','M','20/04/2000'),('HYBÑNG20623806','75392321T','HOYUELO','BAÑEROS','ÁNGELICA','M','2020-04-20'),('JIYYYH20004A9103','Y6938466R','JI','null','YHUE','V','05/10/2000'),('JIYYYH204A9103','Y6938466R','JI','null','YHUE','V','2005-10-20'),('JNYYJM2007301402','Y3957696P','JIN','null','JIAMEN','V','02/04/2007'),('JSKTPY2003A88A02','X3810833D','JAISON','null','PYARY','M','19/10/2003'),('LBDZLC2006017B09','25216744G','ALBA','DIAZ','LUCIA','M','03/10/2006'),('LIYYCR200574F903','Z1761851X','LIU','null','CRISTINA','M','24/10/2005'),('LJYYYA2011235709','Y6039695R','EL JARRAOUI','null','AYA','M','21/10/2011'),('LMVZMR2007DB9502','92321863R','DE LAMO','VIZCAINO','MIRIAM','M','21/10/2007'),('LPJZDG200134C503','81413630R','LAPEÑA','JUEZ','DIEGO','V','03/09/2001'),('LSYYNS200859C400','Y4626514D','LASZ','null','INES','M','14/04/2008'),('LTYYLN20061FB504','Y6266775W','LUTA','null','IULIAN','V','02/09/2006'),('MGDZTR20020A9C00','88291659H','MUGA','DIEZ','AITOR','V','25/09/2002'),('MLBÑLV20032F4201','56190438N','MELERO','BAÑEROS','ÁLVARO','V','11/04/2003'),('MNCDNS2010F60C01','55574746F','MONTOYA','CID','INÉS','M','29/04/2010'),('MNDZLS2006A4B500','30187245K','MONCLÚS','DIAZ','LUIS','V','27/04/2006'),('MNJBLN200895C908','55120686J','MONTOYA','JUBETE','ELENA','M','29/09/2008'),('MNYYMR2004FF7902','X5348274S','MANDOIU','null','MARIUS IONUT','V','15/09/2004'),('MNYYMR20099F8909','Y5885372P','MUNTEANU','null','MARTA','M','01/09/2009'),('MRBLLC200268FA06','07303494M','MARTÍN','BOLADO','ALICIA','M','25/04/2002'),('MRDZJM20032BA104','72834015F','MARTÍNEZ','DIAZ','JIMENA','M','10/04/2003'),('MRDZLB2001BA0E07','31845682C','MORÁN','DIAZ','ALBERTO JOSÉ','V','04/04/2001'),('MRDZNG2008E8E209','82719519L','MORÁN','DIAZ','ÁNGEL','V','05/10/2008'),('MRVZRD200485DB00','37262724X','MARTÍN','VIZCAINO','RODRIGO','V','18/09/2004'),('NGYYNC2000B58106','Z2019316J','ANGHEL','null','ANCA','M','12/10/2000'),('NGYYNC20B58106','Z2019316J','ANGHEL','null','ANCA','M','2012-10-20'),('PCLEGB200919F100','14526666G','PACIOS','LEE','GABRIEL','V','02/10/2009'),('PJDZJL200102DC00','74934079X','PAJARO','DIEZ','JULIO','V','04/10/2001'),('PLYYND20068D9502','X1303953Z','PLACINTA','null','ANDREI','V','18/04/2006'),('PRCDND2002FAB509','44351192Q','PEROZO','CID','ANDREITA','M','09/09/2002'),('PRDZGL2002BA2C06','97669447Q','PUERTA','DIAZ','GAEL','V','02/04/2002'),('PRDZLV2009DD2B03',NULL,'PUERTA','DIEZ','ELVIRA','M','08/09/2009'),('PRDZMK20088FA200','67141487W','DE PRADO','DIAZ','MIKEL','V','12/04/2008'),('PRJÑCH2003833E09','45871413Y','PERAL','JÁÑEZ','CHRISTIAN','V','07/10/2003'),('PRYYMC2005278E00','Y7196216J','PARATORE','null','MICHELA','M','04/09/2005'),('PRYYPL2010737503','X7937124P','PARATORE','null','PAOLA','M','02/10/2010'),('PSDZVR200171B704','09607805S','PASTRANA','DIEZ','VERÓNICA','M','08/10/2001'),('PTYYFL2001B06006','X6387800X','PATAR','null','FLORÍN','V','12/10/2001'),('RDDZHC20079DD509','03065471P','RODRÍGUEZ','DIAZ','HÉCTOR','V','17/04/2007'),('RJDZLR20032DC104','98432130L','ROJAS','DIEZ','LARIO','M','20/09/2003'),('RMDZLR2003DE5F03','02180012A','RAMOS','DIAZ','LAURA','M','04/10/2003'),('RPBÑJL20029A7807','85145718V','ROPERO','BAÑEROS','JULITA','M','21/04/2002'),('RRVZBL2008BA7001','64082300E','ARRUFAT','VIZCAINO','BELÉN','M','04/04/2008'),('SBBLBG2001C99402','48229330D','SOBLECHERO','BOLADO','BEGOÑA','M','29/04/2001'),('SBBLCL2003BDC102','65266165P','SOBLECHERO','BOLADO','CELIA','M','16/04/2003'),('SLDZSF20035CD802','66705085W','SALVADOR','DIAZ','SOFÍA','M','07/04/2003'),('SNBLNB2005030008','08550180E','SÁNCHEZ','BOLADO','ANABEL','M','09/10/2005'),('SNLVMR200904B200','74686350Z','SÁNCHEZ','ÁLVEZ','MARCOS','V','07/10/2009'),('SNVZMR200467FA04','62325506Z','SÁNCHEZ','VIZCAINO','MARÍA','M','02/04/2004'),('SNVZRL2003310607','83614410A','SÁNCHEZ','VIZCAINO','RAÚL','V','14/10/2003'),('SNVZVN2001424303','71460782N','SANDOVAL','VIZCAINO','VINCENT','V','07/09/2001'),('SRDZJV2009FB5C09','09987355L','SARMIENTO','DIAZ','JUVENCIO','V','18/09/2009'),('SRYYMR200758E503','Y6156543D','SERSIF','null','MERYAM','M','21/10/2007'),('SSYYNR2004554904','Z8668536W','ESSOUBAI','null','NARJISSE','M','06/10/2004'),('STDZLV2006660802','22865874X','SOTO','DIAZ','ÁLVARO','V','13/09/2006'),('TMYYHM2010E51A04','Z4666897H','ATMANI','null','HAMZA','V','27/10/2010'),('VLDZFR2000CD8402','44500020B','VILLAR','DIAZ','FERNAN','V','14/10/2000'),('VLDZFR20CD8402','44500020B','VILLAR','DIAZ','FERNAN','V','2014-10-20'),('VRYYND2003361003','Z8720155D','VARTOLOMEI','null','ANDREI VASILICA','V','19/09/2003'),('WUYYFN200874A009','X1768419H','WU','null','FANG TENG','V','12/10/2008'),('WUYYYT20049E9208','X7270429Z','WU','null','YITONG','M','24/04/2004'),('XUYYKA20016EF405','Y6773854T','XU','null','KAII','V','28/09/2001'),('YEYYJN200744DD08','Z2620042W','YE','null','JUNJIE IK','V','05/04/2007'),('YEYYJN200928D309','Z0069881N','YE','null','JIAN HUI','V','17/10/2009'),('YEYYLN2004BDCF09','X8202028K','YE','null','ELENA','M','18/04/2004'),('YEYYNA20046E1506','X0606894Q','YE','null','ANA','M','15/10/2004'),('YEYYSH2011FB9008','X8470416E','YE','null','SIHAN','M','24/04/2011'),('YEYYYS20053F0307','Z3790466W','YE','null','YISHAN','M','10/10/2005'),('ZNYYNC2008896704','Y2800447G','ZANCA','null','NICOLAS','V','10/09/2008');
/*!40000 ALTER TABLE `CURS_ALUMNOS` ENABLE KEYS */;
UNLOCK TABLES;

--
-- Table structure for table `CURS_ALUM_ESTUDIOS`
--

DROP TABLE IF EXISTS `CURS_ALUM_ESTUDIOS`;
/*!40101 SET @saved_cs_client     = @@character_set_client */;
/*!40101 SET character_set_client = utf8 */;
CREATE TABLE `CURS_ALUM_ESTUDIOS` (
  `C_CIE_ID` varchar(16) COLLATE utf8_spanish_ci NOT NULL,
  `N_CURSO_ID` decimal(4,0) NOT NULL,
  `C_CENTRO_ID` decimal(8,0) NOT NULL,
  `C_ESTUDIO_ID` varchar(12) COLLATE utf8_spanish_ci NOT NULL,
  `ID` int(11) NOT NULL AUTO_INCREMENT,
  PRIMARY KEY (`ID`),
  UNIQUE KEY `CURS_ALE_PK` (`C_CIE_ID`,`N_CURSO_ID`,`C_CENTRO_ID`,`C_ESTUDIO_ID`),
  UNIQUE KEY `CURS_ALUM_ESTUDIOS_ID_uindex` (`ID`),
  KEY `CURS_ALE_DAP_FK_I` (`C_CIE_ID`),
  KEY `CURS_ALE_PCC_FK_I` (`N_CURSO_ID`,`C_CENTRO_ID`,`C_ESTUDIO_ID`)
) ENGINE=InnoDB AUTO_INCREMENT=40 DEFAULT CHARSET=utf8 COLLATE=utf8_spanish_ci;
/*!40101 SET character_set_client = @saved_cs_client */;

--
-- Dumping data for table `CURS_ALUM_ESTUDIOS`
--

LOCK TABLES `CURS_ALUM_ESTUDIOS` WRITE;
/*!40000 ALTER TABLE `CURS_ALUM_ESTUDIOS` DISABLE KEYS */;
INSERT INTO `CURS_ALUM_ESTUDIOS` VALUES ('BCYYFT20020D8503',2016,40004831,'10200301',1),('BCYYFT20020D8503',2016,40004853,'10400301',2),('BLYYHJ200065F907',2016,47007203,'10200301',3),('BLYYHJ200065F907',2016,47007203,'10400301',4),('BLYYHJ200065F907',2016,47007203,'10800101',5),('BRYYND2000AC8908',2016,47007203,'10200301',6),('BRYYND2000AC8908',2016,47007203,'10400301',7),('BRYYND2000AC8908',2016,47007203,'10800101',8),('CHYYJN20104FEC04',2016,47007227,'10200301',9),('DNYYRL2010F75704',2016,47007203,'10200301',10),('DZVZCL2002A84405',2016,40004831,'10200301',11),('DZVZCL2002A84405',2016,40004853,'10400301',12),('FLYYSB200099C109',2016,47007203,'10200301',13),('FLYYSB200099C109',2016,47007203,'10400301',14),('FLYYSB200099C109',2016,47007203,'10800101',15),('FZYYNH2002698D04',2016,40004831,'10200301',16),('FZYYNH2002698D04',2016,40004853,'10400301',17),('GIBLDN200053C904',2016,47007203,'10200301',18),('GIBLDN200053C904',2016,47007203,'10400301',19),('GIBLDN200053C904',2016,47007203,'10800101',20),('GNDZJL201016EF04',2016,47007227,'10200301',21),('GRYYTT2002F48508',2016,40004831,'10200301',22),('GRYYTT2002F48508',2016,40004853,'10400301',23),('HYBÑNG2000623806',2016,47007203,'10200301',24),('HYBÑNG2000623806',2016,47007203,'10400301',25),('HYBÑNG2000623806',2016,47007203,'10800101',26),('JIYYYH20004A9103',2016,47007203,'10200301',27),('JIYYYH20004A9103',2016,47007203,'10400301',28),('JIYYYH20004A9103',2016,47007203,'10800101',29),('MRBLLC200268FA06',2016,40004831,'10200301',30),('NGYYNC2000B58106',2016,47007203,'10200301',31),('NGYYNC2000B58106',2016,47007203,'10400301',32),('NGYYNC2000B58106',2016,47007203,'10800101',33),('PRDZGL2002BA2C06',2016,40004831,'10200301',34),('PRDZGL2002BA2C06',2016,40004853,'10400301',35),('PRYYPL2010737503',2016,47007215,'10200301',36),('RPBÑJL20029A7807',2016,40004831,'10200301',37),('RPBÑJL20029A7807',2016,40004853,'10400301',38),('TMYYHM2010E51A04',2016,47007227,'10200301',39);
/*!40000 ALTER TABLE `CURS_ALUM_ESTUDIOS` ENABLE KEYS */;
UNLOCK TABLES;

--
-- Table structure for table `CURS_CENTROS`
--

DROP TABLE IF EXISTS `CURS_CENTROS`;
/*!40101 SET @saved_cs_client     = @@character_set_client */;
/*!40101 SET character_set_client = utf8 */;
CREATE TABLE `CURS_CENTROS` (
  `C_CENTRO_ID` bigint(20) NOT NULL,
  `N_CURSO_ID` bigint(20) DEFAULT NULL,
  `A_DESP` varchar(255) COLLATE utf8_spanish_ci DEFAULT NULL,
  PRIMARY KEY (`C_CENTRO_ID`)
) ENGINE=InnoDB DEFAULT CHARSET=utf8 COLLATE=utf8_spanish_ci;
/*!40101 SET character_set_client = @saved_cs_client */;

--
-- Dumping data for table `CURS_CENTROS`
--

LOCK TABLES `CURS_CENTROS` WRITE;
/*!40000 ALTER TABLE `CURS_CENTROS` DISABLE KEYS */;
INSERT INTO `CURS_CENTROS` VALUES (1,1,'\"hola\"'),(40000422,2013,'CARDENAL CISNEROS'),(40000549,2013,'LOS ARENALES'),(40000550,2013,'HOCES DEL DURATÓN'),(40000616,2013,'SAN JUAN BAUTISTA'),(40000823,2013,'TEODOSIO EL GRANDE'),(40000835,2013,'CAUCA ROMANA'),(40000926,2013,'LA VILLA'),(40000951,2013,'MARQUÉS DE LOZOYA'),(40000975,2013,'SANTA CLARA'),(40001141,2013,'ARCIPRESTE DE HITA'),(40002145,2013,'OBISPO FRAY SEBASTIÁN'),(40002169,2013,'JAIME GIL DE BIEDMA'),(40002200,2013,'MIGUEL DE CERVANTES'),(40002431,2013,'ATALAYA'),(40002443,2013,'MARQUÉS DEL ARCO'),(40002881,2013,'AGAPITO MARAZUELA'),(40002911,2013,'LA PRADERA'),(40002923,2013,'PIOLÍN'),(40004257,2013,'DUQUE DE ALBURQUERQUE'),(40004361,2013,'SAN GIL'),(40004521,2013,'MARÍA ZAMBRANO'),(40004567,2013,'SIERRA DE AYLLÓN'),(40004725,2013,'VEGA DEL PIRÓN'),(40004762,2013,'CRA EL ENCINAR'),(40004798,2013,'EL DURATÓN'),(40004804,2013,'ANTONIO HERRERA'),(40004816,2013,'JAIME GIL DE BIEDMA'),(40004828,2013,'CRA LAS CAÑADAS'),(40004831,2013,'CRA RETAMA'),(40004841,2013,'CRA ENTRE DOS RÍOS'),(40004853,2013,'CRA CAMPOS DE CASTILLA'),(40004865,2013,'CRA EL OLMAR'),(40004877,2013,'LA SIERRA'),(40004889,2013,'LA CHOPERA'),(40004890,2013,'CRA EL CARRACILLO'),(40004920,2013,'CRA LOS LLANOS'),(40004932,2013,'EL MIRADOR DE LA SIERRA'),(40004956,2013,'CRA DE AYLLÓN'),(40004968,2013,'CRA CAMPOS CASTELLANOS'),(40004971,2013,'CRA EL PINAR'),(40004981,2013,'LAS CAÑADAS'),(40004993,2013,'CRA SAN ISIDRO'),(40005006,2013,'LA ESTACIÓN DEL ESPINAR'),(40005018,2013,'PEÑALARA'),(40005110,2013,'CENTRO DE ADULTOS DE EL ESPINAR'),(40005122,2013,'MIGUEL DELIBES'),(40008299,2013,'ESCUELA SUPERIOR DEL VIDRIO DE LA REAL FÁBRICA DE CRISTALES DE LA GRANJA'),(40008305,2013,'ESCUELA DE MÚSICA DE EL ESPINAR'),(40008317,2013,'CECILIO DE BENITO'),(40008329,2013,'ESCUELA DE MÚSICA, VILLA Y TIERRA DE COCA'),(40008330,2013,'ESCUELA DE MÚSICA DE NAVA DE LA ASUNCIÓN'),(40008342,2013,'CRA LOS ALMENDROS'),(40008378,2013,'CENTRO DE ADULTOS DE SAN ILDEFONSO - LA GRANJA'),(40008381,2013,'ESCUELA DE MÚSICA DE CARBONERO EL MAYOR'),(40008408,2013,'PASITOS 2'),(40008411,2013,'ESCUELA DE MÚSICA Y DANZA DE SAN ILDEFONSO-LA GRANJA'),(40008445,2013,'ESCUELA DE CAPACITACIÓN AGRARIA DE COCA'),(40008457,2013,'ESCUELA MUNICIPAL DE MÚSICA DE SAN CRISTÓBAL DE SEGOVIA'),(40008470,2013,'BEST SCHULE'),(40008482,2013,'ESCUELA DE MÚSICA DE VALVERDE DEL MAJANO'),(40008494,2013,'ESCUELA DE MÚSICA DE PALAZUELOS DE ERESMA'),(40008500,2013,'AGAPITO MARAZUELA'),(40008512,2013,'BAMBI'),(40008524,2013,'LOS PIMPOLLOS'),(40008548,2013,'CIUDAD DE CAUCA-DON BERNABÉ CORBACHO'),(40008551,2013,'VIRGEN DEL BUSTAR'),(40008573,2013,'CUCU-TRAS'),(40008597,2013,'VILLACASTÍN'),(40008615,2013,'FUENTEPELAYO'),(40008639,2013,'CANTIMPALOS'),(40008640,2013,'VILLA DE LOS PEQUES'),(40008652,2013,'EL PARQUE'),(40008664,2013,'SAN RAFAEL'),(40008676,2013,'OTERO DE HERREROS'),(47000041,2013,'MIGUEL DE CERVANTES'),(47000075,2013,'MIGUEL DELIBES'),(47000257,2013,'SAN CRISTÓBAL'),(47000300,2013,'MELQUIADES HIDALGO'),(47000336,2013,'JORGE GUILLÉN'),(47000427,2013,'SAN SEBASTIÁN'),(47000609,2013,'SAN RAFAEL DE LA SANTA ESPINA'),(47000774,2013,'FÉLIX CUADRADO LOMAS'),(47000798,2013,'SAN ROQUE'),(47000804,2013,'JUAN DE RODRIGO'),(47000981,2013,'TERESA REVILLA'),(47001122,2013,'ÁLVAR FÁÑEZ'),(47001158,2013,'NUESTRA SEÑORA DEL VILLAR'),(47001262,2013,'SAN FRANCISCO'),(47001316,2013,'OBISPO BARRIENTOS'),(47001328,2013,'NUESTRA SEÑORA DE LAS MERCEDES'),(47001341,2013,'LOPE DE VEGA'),(47001353,2013,'INSTITUTO DE EDUCACIÓN OBLIGATORIA DE CIGALES'),(47001377,2013,'SAN JOSÉ'),(47001389,2013,'SAN JUAN DE LA CRUZ'),(47001390,2013,'EMPERADOR CARLOS'),(47001419,2013,'GÓMEZ PEREIRA'),(47001471,2013,'SAN VICENTE DE PAÚL'),(47001511,2013,'EL PRADO'),(47001547,2013,'VIRGEN DE LA VEGA'),(47001559,2013,'TIERRA DE PINARES'),(47001584,2013,'ROSA CHACEL'),(47001717,2013,'MIGUEL DELIBES'),(47001781,2013,'TOMÁS ROMOJARO'),(47001869,2013,'EUROPA'),(47001870,2013,'VIRGEN DE SACEDÓN'),(47002059,2013,'PÍO DEL RÍO HORTEGA'),(47002060,2013,'PÍO DEL RÍO HORTEGA'),(47002084,2013,'SAN MIGUEL'),(47002114,2013,'POZALDEZ'),(47002230,2013,'SAN JUAN BAUTISTA DE RODILANA'),(47002278,2013,'NUESTRA SEÑORA DE LA ASUNCIÓN'),(47002369,2013,'ARROYO'),(47002503,2013,'NICOMEDES SANZ'),(47002576,2013,'CÉSAR BEDOYA'),(47002588,2013,'ISABEL DE CASTILLA'),(47002618,2013,'LOS ZUMACALES'),(47002904,2013,'PINODUERO'),(47002916,2013,'LA MILAGROSA'),(47003052,2013,'EL PRADO'),(47003076,2013,'SAGRADOS CORAZONES'),(47003118,2013,'FRAY LUIS DE GRANADA'),(47005073,2013,'ROSARIO PEREDA'),(47005085,2013,'COLEGIO PÚBLICO DE VILORIA DEL HENAR'),(47005310,2013,'TIERRA DE CAMPOS'),(47005322,2013,'JORGE GUILLÉN'),(47005358,2013,'SAN ANTONIO'),(47005826,2013,'RAIMUNDO DE BLAS SAZ'),(47005991,2013,'ALFONSO VI'),(47006031,2013,'PEÑALBA'),(47006041,2013,'PINOALBAR'),(47006235,2013,'MIGUEL HERNÁNDEZ'),(47006442,2013,'LA LAGUNA'),(47006600,2013,'CLEMENTE FERNÁNDEZ DE LA DEVESA'),(47006961,2013,'CRA CAMPOS DE CASTILLA'),(47006971,2013,'CRA TIERRAS DE MEDINA'),(47007057,2013,'RÍO DUERO'),(47007148,2013,'CRA LLANO ALTO'),(47007151,2013,'CRA ENTREVIÑAS'),(47007161,2013,'CRA LA BESANA'),(47007173,2013,'CRA VILLAS DEL SEQUILLO'),(47007185,2013,'EDELWEISS-EL SOTO'),(47007203,2013,'CRA FLORIDA DEL DUERO'),(47007215,2013,'CRA LA ESGUEVA'),(47007227,2013,'CRA RIBERA DEL DUERO'),(47007239,2013,'CRA CAMPOS GÓTICOS'),(47007252,2013,'CRA PADRE HOYOS'),(47007264,2013,'CRA EL PÁRAMO'),(47007306,2013,'CAMPOS Y TOROZOS'),(47007318,2013,'SANTO TOMÁS DE AQUINO'),(47007321,2013,'CRA RÍO ERESMA'),(47007380,2013,'CENTRO DE ADULTOS DE LAGUNA DE DUERO'),(47007409,2013,'BERNAL DÍAZ DEL CASTILLO'),(47007410,2013,'CENTRO DE ADULTOS DE MEDINA DE RIOSECO'),(47007422,2013,'CENTRO DE ADULTOS DE OLMEDO'),(47007458,2013,'CENTRO DE ADULTOS DE TUDELA DE DUERO'),(47007461,2013,'LAS SALINAS'),(47007501,2013,'ESCUELA DE MÚSICA DE MEDINA DEL CAMPO'),(47007550,2013,'DUENDES'),(47007598,2013,'LYCÉE FRANÇAIS DE VALLADOLID'),(47007689,2013,'ALBORADA'),(47007719,2013,'MARÍA MOLINER'),(47010895,2013,'ESCUELA INFANTIL DEL PARQUE TECNOLÓGICO'),(47010901,2013,'EPI Y BLAS'),(47010949,2013,'GLORIA FUERTES'),(47010986,2013,'VALDECEA'),(47010998,2013,'VALDECEA'),(47011000,2013,'ESCUELA DE MÚSICA DE LAGUNA DE DUERO'),(47011012,2013,'LOS VALLES'),(47011051,2013,'ESCUELA INFANTIL DE ÍSCAR'),(47011061,2013,'SAN FRANCISCO'),(47011085,2013,'VEO VEO'),(47011097,2013,'RIBERA DEL CEGA'),(47011152,2013,'MARGARITA SALAS'),(47011176,2013,'JOAQUÍN DÍAZ'),(47011191,2013,'ESCUELA MUNICIPAL DE MÚSICA DE ARROYO DE LA ENCOMIENDA'),(47011221,2013,'PINARES DE PEDRAJAS'),(47011231,2013,'CENTRO INTEGRADO DE FP DE MEDINA DEL CAMPO'),(47011243,2013,'CENTRO PRIVADO DE FORMACIÓN DE FÚTBOL Y FÚTBOL SALA DE LA F.C.Y.L.F'),(47011267,2013,'KANTIC@ARROYO'),(47011280,2013,'CAÑO DORADO'),(47011292,2013,'PEQUENUBLA'),(47011310,2013,'VILLA DE OLMEDO'),(47011322,2013,'ESCUELA DE MÚSICA DE SIMANCAS'),(47011346,2013,'LOS ENANITOS'),(47011358,2013,'COLORINES'),(47011361,2013,'BABYLANDIA - LA CASA DE LOS NIÑOS'),(47011371,2013,'5 LOBITOS'),(47011383,2013,'ARCO IRIS'),(47011395,2013,'MINI COLE'),(47011413,2013,'ELVIRA LINDO GARRIDO'),(47011425,2013,'PUENTE DE SIMANCAS'),(47011437,2013,'LOLA HERRERA'),(47011449,2013,'ANA DE AUSTRIA'),(47011450,2013,'MARÍA MONTESSORI'),(47011462,2013,'ESCUELA DE MÚSICA DE VILLALÓN DE CAMPOS'),(47011474,2013,'EL ABROJO'),(47011498,2013,'PICO DE URIS'),(47011504,2013,'TRAVIESOS'),(47011516,2013,'GLORIA FUERTES'),(47011528,2013,'VIRGEN DE CASTILVIEJO'),(47011531,2013,'ESCUELA INFANTIL DE MOJADOS'),(47011541,2013,'ESCUELA INFANTIL DE SIMANCAS'),(47011577,2013,'DUENDECILLOS'),(47011590,2013,'VIOLETA MONREAL'),(47011607,2013,'CENTRO DE EDUCACIÓN OBLIGATORIA DE BOECILLO'),(47011620,2013,'ESCUELA MUNICIPAL DE MÚSICA DE ISCAR'),(47011632,2013,'VIRGEN DE SAN LORENZO'),(47011671,2013,'LA NUBE'),(47011681,2013,'ESCUELA MUNICIPAL DE MÚSICA TIERRA DE CAMPOS'),(47011693,2013,'PINTO-PINTO'),(47011701,2013,'NUESTRA SEÑORA DE LA ASUNCIÓN'),(47011711,2013,'ARROYO'),(47011723,2013,'EL TRENECITO'),(47011735,2013,'TAMBORES DE PAZ'),(47011760,2013,'ESCUELA DE DANZA DE MEDINA DEL CAMPO'),(47011784,2013,'CASTILLO DE COLORES'),(47011796,2013,'ARROYO DE LA ENCOMIENDA V'),(47011814,2013,'COLORIN COLORADO'),(47011826,2013,'LA RANITA'),(47011838,2013,'EL CARPIO'),(47011841,2013,'MONTEMAYOR DE PILILLA'),(47011875,2015,'ESCUELA MUNICIPAL DE DANZA DE ARROYO DE LA ENCOMIENDA'),(47011905,2015,'NUESTRA SEÑORA DE LA ARMEDILLA'),(47011917,2015,'CREA MEDINA');
/*!40000 ALTER TABLE `CURS_CENTROS` ENABLE KEYS */;
UNLOCK TABLES;

--
-- Table structure for table `CURS_DOMICILIOS`
--

DROP TABLE IF EXISTS `CURS_DOMICILIOS`;
/*!40101 SET @saved_cs_client     = @@character_set_client */;
/*!40101 SET character_set_client = utf8 */;
CREATE TABLE `CURS_DOMICILIOS` (
  `C_PDOMI_ID` decimal(12,0) NOT NULL,
  `C_CIE_ID` varchar(16) COLLATE utf8_spanish_ci NOT NULL,
  `A_NOM_VIA` varchar(80) COLLATE utf8_spanish_ci NOT NULL,
  `N_NUM_VIA` decimal(3,0) DEFAULT NULL,
  `N_PISO` decimal(2,0) DEFAULT NULL,
  `A_ESCALERA` varchar(2) COLLATE utf8_spanish_ci DEFAULT NULL,
  `A_LETRA` varchar(2) COLLATE utf8_spanish_ci DEFAULT NULL,
  `C_POSTAL` decimal(5,0) DEFAULT NULL,
  `C_PROV_ID` decimal(2,0) NOT NULL,
  `C_MUNI_ID` decimal(3,0) NOT NULL,
  `C_LOCA_ID` decimal(4,0) NOT NULL,
  `A_CORREO_E` varchar(70) COLLATE utf8_spanish_ci DEFAULT NULL,
  `N_TELEFONO` decimal(9,0) DEFAULT NULL,
  UNIQUE KEY `CURS_DOMI_PK` (`C_PDOMI_ID`),
  KEY `CURS_DOMI_CLOC_FK_I` (`C_PROV_ID`,`C_MUNI_ID`,`C_LOCA_ID`)
) ENGINE=InnoDB DEFAULT CHARSET=utf8 COLLATE=utf8_spanish_ci;
/*!40101 SET character_set_client = @saved_cs_client */;

--
-- Dumping data for table `CURS_DOMICILIOS`
--

LOCK TABLES `CURS_DOMICILIOS` WRITE;
/*!40000 ALTER TABLE `CURS_DOMICILIOS` DISABLE KEYS */;
INSERT INTO `CURS_DOMICILIOS` VALUES (0,'CSJÑMJ200146EE04','AZUL CIELO',2,NULL,NULL,'D',47009,47,186,1,'prueba@gmail.com',626785554),(1,'SSYYNR2004554904','ALBERTO I DE GALICIA',2,NULL,NULL,NULL,47009,47,186,1,'prueba22@gmail.com',626766954),(2,'XUYYKA20016EF405','III ANIVERSARIO',22,NULL,NULL,NULL,47195,47,10,1,NULL,NULL),(3,'YEYYNA20046E1506','C/PAULA LÓPEZ',45,2,NULL,'Iz',47005,47,186,1,'prueba33@gmail.com',NULL),(4,'TMYYHM2010E51A04','C/PAULA LÓPEZ',45,2,NULL,'Iz',47005,47,186,1,NULL,626787754),(5,'JNYYJM2007301402','C/PAULA LÓPEZ9, 3º IZQDA',6,NULL,NULL,NULL,47005,47,186,1,'1pepe@gmail.com',983447755),(62275,'PLYYND20068D9502','CASTILLA',3,NULL,NULL,NULL,47800,47,86,1,'3luis@gmail.com',626788954),(66217,'SRYYMR200758E503','LAGARTIJA',22,NULL,NULL,'DC',47012,47,186,1,NULL,NULL),(69360,'GRVZPB20016DF502','DE SEPULVEDA',133,2,NULL,'C',47008,47,186,1,NULL,NULL),(69514,'SLDZSF20035CD802','PROFESOR',22,NULL,NULL,NULL,47008,47,186,1,NULL,NULL),(70008,'DLVZDN20096FC004','SISTEMA CENTRAL',128,NULL,NULL,NULL,47008,47,186,1,NULL,NULL),(74051,'LIYYCR200574F903','HORNIJA',125,NULL,NULL,'A',47010,47,186,1,NULL,NULL),(74147,'LMVZMR2007DB9502','DOCTOR FERNÁNDEZ',88,NULL,NULL,'F',47011,47,186,1,NULL,NULL),(75303,'PRYYMC2005278E00','RIO SIL',9,NULL,NULL,NULL,40197,40,906,1,NULL,NULL),(75815,'HRDZFR2007FFDC09','URBANIZACIÓN CERCA',5,NULL,NULL,NULL,40194,40,155,1,NULL,NULL),(76054,'PRYYPL2010737503','RIO SIL',198,NULL,NULL,NULL,40197,40,906,1,NULL,NULL),(81181,'GDYYMH2009454009','VILLALBA',3,NULL,NULL,'A',47012,47,186,1,NULL,NULL),(82718,'WUYYYT20049E9208','DON RUÍZ',8,1,'A',NULL,47002,47,186,1,'prueba88@gmail.com',688454545),(94702,'SBBLBG2001C99402','ALBACETE',8,2,NULL,'B',47400,47,85,1,'prueba66@gmail.com',975887722),(94718,'DZVZCL2002A84405','FRANCISCO GARCÍA',88,3,NULL,'B',47400,47,85,1,NULL,NULL),(95581,'SBBLCL2003BDC102','ALBACETE',10,2,NULL,'B',47400,47,85,1,NULL,NULL),(97031,'VLDZFR2000CD8402','DOCTOR HERNÁNDEZ',3,NULL,NULL,'C',47014,47,186,1,NULL,NULL),(97105,'ZNYYNC2008896704','SEGOVIA, 140 BAJO D',NULL,NULL,'Iz','D',47016,47,186,1,NULL,NULL);
/*!40000 ALTER TABLE `CURS_DOMICILIOS` ENABLE KEYS */;
UNLOCK TABLES;

--
-- Table structure for table `CURS_ESTUDIOS`
--

DROP TABLE IF EXISTS `CURS_ESTUDIOS`;
/*!40101 SET @saved_cs_client     = @@character_set_client */;
/*!40101 SET character_set_client = utf8 */;
CREATE TABLE `CURS_ESTUDIOS` (
  `N_CURSO_ID` decimal(4,0) NOT NULL,
  `C_CENTRO_ID` decimal(8,0) NOT NULL,
  `C_ESTUDIO_ID` varchar(12) COLLATE utf8_spanish_ci NOT NULL,
  `D_ESTUDIO_ABREV` varchar(4) COLLATE utf8_spanish_ci DEFAULT NULL,
  `D_ESTUDIO` varchar(250) COLLATE utf8_spanish_ci NOT NULL,
  `Id` int(11) NOT NULL AUTO_INCREMENT,
  PRIMARY KEY (`Id`),
  UNIQUE KEY `CURS_EST_PK` (`N_CURSO_ID`,`C_CENTRO_ID`,`C_ESTUDIO_ID`),
  UNIQUE KEY `CURS_ESTUDIOS_Id_uindex` (`Id`),
  KEY `CURS_EST_CENT_FK_I` (`C_CENTRO_ID`)
) ENGINE=InnoDB AUTO_INCREMENT=1064 DEFAULT CHARSET=utf8 COLLATE=utf8_spanish_ci;
/*!40101 SET character_set_client = @saved_cs_client */;

--
-- Dumping data for table `CURS_ESTUDIOS`
--

LOCK TABLES `CURS_ESTUDIOS` WRITE;
/*!40000 ALTER TABLE `CURS_ESTUDIOS` DISABLE KEYS */;
INSERT INTO `CURS_ESTUDIOS` VALUES (2013,40004762,'10200101','PRI','Educación Primaria',1),(2013,40004762,'10400101','ESO','Educación Secundaria Obligatoria',2),(2013,40004762,'10600302','CIT','Bachillerato de Ciencias y Tecnología',3),(2013,40004762,'10600303','HCS','Bachillerato de Humanidades y Ciencias Sociales',4),(2013,40004762,'10600304','ARP','Bachillerato de Artes plásticas, imagen y diseño',5),(2013,40004798,'10200101','PRI','Educación Primaria',6),(2013,40004798,'10400101','ESO','Educación Secundaria Obligatoria',7),(2013,40004798,'10600302','CIT','Bachillerato de Ciencias y Tecnología',8),(2013,40004798,'10600303','HCS','Bachillerato de Humanidades y Ciencias Sociales',9),(2013,40004798,'10600304','ARP','Bachillerato de Artes plásticas, imagen y diseño',10),(2013,40004804,'10200101','PRI','Educación Primaria',11),(2013,40004804,'10400101','ESO','Educación Secundaria Obligatoria',12),(2013,40004804,'10600302','CIT','Bachillerato de Ciencias y Tecnología',13),(2013,40004804,'10600303','HCS','Bachillerato de Humanidades y Ciencias Sociales',14),(2013,40004804,'10600304','ARP','Bachillerato de Artes plásticas, imagen y diseño',15),(2013,40004816,'10200101','PRI','Educación Primaria',16),(2013,40004816,'10400101','ESO','Educación Secundaria Obligatoria',17),(2013,40004816,'10600302','CIT','Bachillerato de Ciencias y Tecnología',18),(2013,40004816,'10600303','HCS','Bachillerato de Humanidades y Ciencias Sociales',19),(2013,40004816,'10600304','ARP','Bachillerato de Artes plásticas, imagen y diseño',20),(2013,40004828,'10200101','PRI','Educación Primaria',21),(2013,40004828,'10400101','ESO','Educación Secundaria Obligatoria',22),(2013,40004828,'10600302','CIT','Bachillerato de Ciencias y Tecnología',23),(2013,40004828,'10600303','HCS','Bachillerato de Humanidades y Ciencias Sociales',24),(2013,40004828,'10600304','ARP','Bachillerato de Artes plásticas, imagen y diseño',25),(2013,40004831,'10200101','PRI','Educación Primaria',26),(2013,40004831,'10400101','ESO','Educación Secundaria Obligatoria',27),(2013,40004831,'10600302','CIT','Bachillerato de Ciencias y Tecnología',28),(2013,40004831,'10600303','HCS','Bachillerato de Humanidades y Ciencias Sociales',29),(2013,40004831,'10600304','ARP','Bachillerato de Artes plásticas, imagen y diseño',30),(2013,40004841,'10200101','PRI','Educación Primaria',31),(2013,40004841,'10400101','ESO','Educación Secundaria Obligatoria',32),(2013,40004841,'10600302','CIT','Bachillerato de Ciencias y Tecnología',33),(2013,40004841,'10600303','HCS','Bachillerato de Humanidades y Ciencias Sociales',34),(2013,40004841,'10600304','ARP','Bachillerato de Artes plásticas, imagen y diseño',35),(2013,40004853,'10200101','PRI','Educación Primaria',36),(2013,40004853,'10400101','ESO','Educación Secundaria Obligatoria',37),(2013,40004853,'10600302','CIT','Bachillerato de Ciencias y Tecnología',38),(2013,40004853,'10600303','HCS','Bachillerato de Humanidades y Ciencias Sociales',39),(2013,40004853,'10600304','ARP','Bachillerato de Artes plásticas, imagen y diseño',40),(2013,40004865,'10200101','PRI','Educación Primaria',41),(2013,40004865,'10400101','ESO','Educación Secundaria Obligatoria',42),(2013,40004865,'10600302','CIT','Bachillerato de Ciencias y Tecnología',43),(2013,40004865,'10600303','HCS','Bachillerato de Humanidades y Ciencias Sociales',44),(2013,40004865,'10600304','ARP','Bachillerato de Artes plásticas, imagen y diseño',45),(2013,40004877,'10200101','PRI','Educación Primaria',46),(2013,40004877,'10400101','ESO','Educación Secundaria Obligatoria',47),(2013,40004877,'10600302','CIT','Bachillerato de Ciencias y Tecnología',48),(2013,40004877,'10600303','HCS','Bachillerato de Humanidades y Ciencias Sociales',49),(2013,40004877,'10600304','ARP','Bachillerato de Artes plásticas, imagen y diseño',50),(2013,40004890,'10200101','PRI','Educación Primaria',51),(2013,40004890,'10400101','ESO','Educación Secundaria Obligatoria',52),(2013,40004890,'10600302','CIT','Bachillerato de Ciencias y Tecnología',53),(2013,40004890,'10600303','HCS','Bachillerato de Humanidades y Ciencias Sociales',54),(2013,40004890,'10600304','ARP','Bachillerato de Artes plásticas, imagen y diseño',55),(2013,40004920,'10200101','PRI','Educación Primaria',56),(2013,40004920,'10400101','ESO','Educación Secundaria Obligatoria',57),(2013,40004920,'10600302','CIT','Bachillerato de Ciencias y Tecnología',58),(2013,40004920,'10600303','HCS','Bachillerato de Humanidades y Ciencias Sociales',59),(2013,40004920,'10600304','ARP','Bachillerato de Artes plásticas, imagen y diseño',60),(2013,40004932,'10200101','PRI','Educación Primaria',61),(2013,40004932,'10400101','ESO','Educación Secundaria Obligatoria',62),(2013,40004932,'10600302','CIT','Bachillerato de Ciencias y Tecnología',63),(2013,40004932,'10600303','HCS','Bachillerato de Humanidades y Ciencias Sociales',64),(2013,40004932,'10600304','ARP','Bachillerato de Artes plásticas, imagen y diseño',65),(2013,40004956,'10200101','PRI','Educación Primaria',66),(2013,40004956,'10400101','ESO','Educación Secundaria Obligatoria',67),(2013,40004956,'10600302','CIT','Bachillerato de Ciencias y Tecnología',68),(2013,40004956,'10600303','HCS','Bachillerato de Humanidades y Ciencias Sociales',69),(2013,40004956,'10600304','ARP','Bachillerato de Artes plásticas, imagen y diseño',70),(2013,40004968,'10200101','PRI','Educación Primaria',71),(2013,40004968,'10400101','ESO','Educación Secundaria Obligatoria',72),(2013,40004968,'10600302','CIT','Bachillerato de Ciencias y Tecnología',73),(2013,40004968,'10600303','HCS','Bachillerato de Humanidades y Ciencias Sociales',74),(2013,40004968,'10600304','ARP','Bachillerato de Artes plásticas, imagen y diseño',75),(2013,40004971,'10200101','PRI','Educación Primaria',76),(2013,40004971,'10400101','ESO','Educación Secundaria Obligatoria',77),(2013,40004971,'10600302','CIT','Bachillerato de Ciencias y Tecnología',78),(2013,40004971,'10600303','HCS','Bachillerato de Humanidades y Ciencias Sociales',79),(2013,40004971,'10600304','ARP','Bachillerato de Artes plásticas, imagen y diseño',80),(2013,40004993,'10200101','PRI','Educación Primaria',81),(2013,40004993,'10400101','ESO','Educación Secundaria Obligatoria',82),(2013,40004993,'10600302','CIT','Bachillerato de Ciencias y Tecnología',83),(2013,40004993,'10600303','HCS','Bachillerato de Humanidades y Ciencias Sociales',84),(2013,40004993,'10600304','ARP','Bachillerato de Artes plásticas, imagen y diseño',85),(2013,40005110,'10200101','PRI','Educación Primaria',86),(2013,40005110,'10400101','ESO','Educación Secundaria Obligatoria',87),(2013,40005110,'10600302','CIT','Bachillerato de Ciencias y Tecnología',88),(2013,40005110,'10600303','HCS','Bachillerato de Humanidades y Ciencias Sociales',89),(2013,40005110,'10600304','ARP','Bachillerato de Artes plásticas, imagen y diseño',90),(2013,40005122,'10200101','PRI','Educación Primaria',91),(2013,40005122,'10400101','ESO','Educación Secundaria Obligatoria',92),(2013,40005122,'10600302','CIT','Bachillerato de Ciencias y Tecnología',93),(2013,40005122,'10600303','HCS','Bachillerato de Humanidades y Ciencias Sociales',94),(2013,40005122,'10600304','ARP','Bachillerato de Artes plásticas, imagen y diseño',95),(2013,40008342,'10200101','PRI','Educación Primaria',96),(2013,40008342,'10400101','ESO','Educación Secundaria Obligatoria',97),(2013,40008342,'10600302','CIT','Bachillerato de Ciencias y Tecnología',98),(2013,40008342,'10600303','HCS','Bachillerato de Humanidades y Ciencias Sociales',99),(2013,40008342,'10600304','ARP','Bachillerato de Artes plásticas, imagen y diseño',100),(2013,40008378,'10200101','PRI','Educación Primaria',101),(2013,40008378,'10400101','ESO','Educación Secundaria Obligatoria',102),(2013,40008378,'10600302','CIT','Bachillerato de Ciencias y Tecnología',103),(2013,40008378,'10600303','HCS','Bachillerato de Humanidades y Ciencias Sociales',104),(2013,40008378,'10600304','ARP','Bachillerato de Artes plásticas, imagen y diseño',105),(2013,47006961,'10200101','PRI','Educación Primaria',106),(2013,47006961,'10400101','ESO','Educación Secundaria Obligatoria',107),(2013,47006961,'10600302','CIT','Bachillerato de Ciencias y Tecnología',108),(2013,47006961,'10600303','HCS','Bachillerato de Humanidades y Ciencias Sociales',109),(2013,47006961,'10600304','ARP','Bachillerato de Artes plásticas, imagen y diseño',110),(2013,47006971,'10200101','PRI','Educación Primaria',111),(2013,47006971,'10400101','ESO','Educación Secundaria Obligatoria',112),(2013,47006971,'10600302','CIT','Bachillerato de Ciencias y Tecnología',113),(2013,47006971,'10600303','HCS','Bachillerato de Humanidades y Ciencias Sociales',114),(2013,47006971,'10600304','ARP','Bachillerato de Artes plásticas, imagen y diseño',115),(2013,47007148,'10200101','PRI','Educación Primaria',116),(2013,47007148,'10400101','ESO','Educación Secundaria Obligatoria',117),(2013,47007148,'10600302','CIT','Bachillerato de Ciencias y Tecnología',118),(2013,47007148,'10600303','HCS','Bachillerato de Humanidades y Ciencias Sociales',119),(2013,47007148,'10600304','ARP','Bachillerato de Artes plásticas, imagen y diseño',120),(2013,47007151,'10200101','PRI','Educación Primaria',121),(2013,47007151,'10400101','ESO','Educación Secundaria Obligatoria',122),(2013,47007151,'10600302','CIT','Bachillerato de Ciencias y Tecnología',123),(2013,47007151,'10600303','HCS','Bachillerato de Humanidades y Ciencias Sociales',124),(2013,47007151,'10600304','ARP','Bachillerato de Artes plásticas, imagen y diseño',125),(2013,47007161,'10200101','PRI','Educación Primaria',126),(2013,47007161,'10400101','ESO','Educación Secundaria Obligatoria',127),(2013,47007161,'10600302','CIT','Bachillerato de Ciencias y Tecnología',128),(2013,47007161,'10600303','HCS','Bachillerato de Humanidades y Ciencias Sociales',129),(2013,47007161,'10600304','ARP','Bachillerato de Artes plásticas, imagen y diseño',130),(2013,47007173,'10200101','PRI','Educación Primaria',131),(2013,47007173,'10400101','ESO','Educación Secundaria Obligatoria',132),(2013,47007173,'10600302','CIT','Bachillerato de Ciencias y Tecnología',133),(2013,47007173,'10600303','HCS','Bachillerato de Humanidades y Ciencias Sociales',134),(2013,47007173,'10600304','ARP','Bachillerato de Artes plásticas, imagen y diseño',135),(2013,47007203,'10200101','PRI','Educación Primaria',136),(2013,47007203,'10400101','ESO','Educación Secundaria Obligatoria',137),(2013,47007203,'10600302','CIT','Bachillerato de Ciencias y Tecnología',138),(2013,47007203,'10600303','HCS','Bachillerato de Humanidades y Ciencias Sociales',139),(2013,47007203,'10600304','ARP','Bachillerato de Artes plásticas, imagen y diseño',140),(2013,47007215,'10200101','PRI','Educación Primaria',141),(2013,47007215,'10400101','ESO','Educación Secundaria Obligatoria',142),(2013,47007215,'10600302','CIT','Bachillerato de Ciencias y Tecnología',143),(2013,47007215,'10600303','HCS','Bachillerato de Humanidades y Ciencias Sociales',144),(2013,47007215,'10600304','ARP','Bachillerato de Artes plásticas, imagen y diseño',145),(2013,47007227,'10200101','PRI','Educación Primaria',146),(2013,47007227,'10400101','ESO','Educación Secundaria Obligatoria',147),(2013,47007227,'10600302','CIT','Bachillerato de Ciencias y Tecnología',148),(2013,47007227,'10600303','HCS','Bachillerato de Humanidades y Ciencias Sociales',149),(2013,47007227,'10600304','ARP','Bachillerato de Artes plásticas, imagen y diseño',150),(2013,47007239,'10200101','PRI','Educación Primaria',151),(2013,47007239,'10400101','ESO','Educación Secundaria Obligatoria',152),(2013,47007239,'10600302','CIT','Bachillerato de Ciencias y Tecnología',153),(2013,47007239,'10600303','HCS','Bachillerato de Humanidades y Ciencias Sociales',154),(2013,47007239,'10600304','ARP','Bachillerato de Artes plásticas, imagen y diseño',155),(2013,47007252,'10200101','PRI','Educación Primaria',156),(2013,47007252,'10400101','ESO','Educación Secundaria Obligatoria',157),(2013,47007252,'10600302','CIT','Bachillerato de Ciencias y Tecnología',158),(2013,47007252,'10600303','HCS','Bachillerato de Humanidades y Ciencias Sociales',159),(2013,47007252,'10600304','ARP','Bachillerato de Artes plásticas, imagen y diseño',160),(2013,47007264,'10200101','PRI','Educación Primaria',161),(2013,47007264,'10400101','ESO','Educación Secundaria Obligatoria',162),(2013,47007264,'10600302','CIT','Bachillerato de Ciencias y Tecnología',163),(2013,47007264,'10600303','HCS','Bachillerato de Humanidades y Ciencias Sociales',164),(2013,47007264,'10600304','ARP','Bachillerato de Artes plásticas, imagen y diseño',165),(2013,47007321,'10200101','PRI','Educación Primaria',166),(2013,47007321,'10400101','ESO','Educación Secundaria Obligatoria',167),(2013,47007321,'10600302','CIT','Bachillerato de Ciencias y Tecnología',168),(2013,47007321,'10600303','HCS','Bachillerato de Humanidades y Ciencias Sociales',169),(2013,47007321,'10600304','ARP','Bachillerato de Artes plásticas, imagen y diseño',170),(2013,47007380,'10200101','PRI','Educación Primaria',171),(2013,47007380,'10400101','ESO','Educación Secundaria Obligatoria',172),(2013,47007380,'10600302','CIT','Bachillerato de Ciencias y Tecnología',173),(2013,47007380,'10600303','HCS','Bachillerato de Humanidades y Ciencias Sociales',174),(2013,47007380,'10600304','ARP','Bachillerato de Artes plásticas, imagen y diseño',175),(2013,47007409,'10200101','PRI','Educación Primaria',176),(2013,47007409,'10400101','ESO','Educación Secundaria Obligatoria',177),(2013,47007409,'10600302','CIT','Bachillerato de Ciencias y Tecnología',178),(2013,47007409,'10600303','HCS','Bachillerato de Humanidades y Ciencias Sociales',179),(2013,47007409,'10600304','ARP','Bachillerato de Artes plásticas, imagen y diseño',180),(2013,47007410,'10200101','PRI','Educación Primaria',181),(2013,47007410,'10400101','ESO','Educación Secundaria Obligatoria',182),(2013,47007410,'10600302','CIT','Bachillerato de Ciencias y Tecnología',183),(2013,47007410,'10600303','HCS','Bachillerato de Humanidades y Ciencias Sociales',184),(2013,47007410,'10600304','ARP','Bachillerato de Artes plásticas, imagen y diseño',185),(2013,47007422,'10200101','PRI','Educación Primaria',186),(2013,47007422,'10400101','ESO','Educación Secundaria Obligatoria',187),(2013,47007422,'10600302','CIT','Bachillerato de Ciencias y Tecnología',188),(2013,47007422,'10600303','HCS','Bachillerato de Humanidades y Ciencias Sociales',189),(2013,47007422,'10600304','ARP','Bachillerato de Artes plásticas, imagen y diseño',190),(2013,47007458,'10200101','PRI','Educación Primaria',191),(2013,47007458,'10400101','ESO','Educación Secundaria Obligatoria',192),(2013,47007458,'10600302','CIT','Bachillerato de Ciencias y Tecnología',193),(2013,47007458,'10600303','HCS','Bachillerato de Humanidades y Ciencias Sociales',194),(2013,47007458,'10600304','ARP','Bachillerato de Artes plásticas, imagen y diseño',195),(2014,40004762,'10200101','PRI','Educación Primaria',196),(2014,40004762,'10200301','PRI','Educación Primaria',197),(2014,40004762,'10400101','ESO','Educación Secundaria Obligatoria',198),(2014,40004762,'10600302','CIT','Bachillerato de Ciencias y Tecnología',199),(2014,40004762,'10600303','HCS','Bachillerato de Humanidades y Ciencias Sociales',200),(2014,40004762,'10600304','ARP','Bachillerato de Artes plásticas, imagen y diseño',201),(2014,40004798,'10200101','PRI','Educación Primaria',202),(2014,40004798,'10200301','PRI','Educación Primaria',203),(2014,40004798,'10400101','ESO','Educación Secundaria Obligatoria',204),(2014,40004798,'10600302','CIT','Bachillerato de Ciencias y Tecnología',205),(2014,40004798,'10600303','HCS','Bachillerato de Humanidades y Ciencias Sociales',206),(2014,40004798,'10600304','ARP','Bachillerato de Artes plásticas, imagen y diseño',207),(2014,40004804,'10200101','PRI','Educación Primaria',208),(2014,40004804,'10200301','PRI','Educación Primaria',209),(2014,40004804,'10400101','ESO','Educación Secundaria Obligatoria',210),(2014,40004804,'10600302','CIT','Bachillerato de Ciencias y Tecnología',211),(2014,40004804,'10600303','HCS','Bachillerato de Humanidades y Ciencias Sociales',212),(2014,40004804,'10600304','ARP','Bachillerato de Artes plásticas, imagen y diseño',213),(2014,40004816,'10200101','PRI','Educación Primaria',214),(2014,40004816,'10200301','PRI','Educación Primaria',215),(2014,40004816,'10400101','ESO','Educación Secundaria Obligatoria',216),(2014,40004816,'10600302','CIT','Bachillerato de Ciencias y Tecnología',217),(2014,40004816,'10600303','HCS','Bachillerato de Humanidades y Ciencias Sociales',218),(2014,40004816,'10600304','ARP','Bachillerato de Artes plásticas, imagen y diseño',219),(2014,40004828,'10200101','PRI','Educación Primaria',220),(2014,40004828,'10200301','PRI','Educación Primaria',221),(2014,40004828,'10400101','ESO','Educación Secundaria Obligatoria',222),(2014,40004828,'10600302','CIT','Bachillerato de Ciencias y Tecnología',223),(2014,40004828,'10600303','HCS','Bachillerato de Humanidades y Ciencias Sociales',224),(2014,40004828,'10600304','ARP','Bachillerato de Artes plásticas, imagen y diseño',225),(2014,40004831,'10200101','PRI','Educación Primaria',226),(2014,40004831,'10200301','PRI','Educación Primaria',227),(2014,40004831,'10400101','ESO','Educación Secundaria Obligatoria',228),(2014,40004831,'10600302','CIT','Bachillerato de Ciencias y Tecnología',229),(2014,40004831,'10600303','HCS','Bachillerato de Humanidades y Ciencias Sociales',230),(2014,40004831,'10600304','ARP','Bachillerato de Artes plásticas, imagen y diseño',231),(2014,40004841,'10200101','PRI','Educación Primaria',232),(2014,40004841,'10200301','PRI','Educación Primaria',233),(2014,40004841,'10400101','ESO','Educación Secundaria Obligatoria',234),(2014,40004841,'10600302','CIT','Bachillerato de Ciencias y Tecnología',235),(2014,40004841,'10600303','HCS','Bachillerato de Humanidades y Ciencias Sociales',236),(2014,40004841,'10600304','ARP','Bachillerato de Artes plásticas, imagen y diseño',237),(2014,40004853,'10200101','PRI','Educación Primaria',238),(2014,40004853,'10200301','PRI','Educación Primaria',239),(2014,40004853,'10400101','ESO','Educación Secundaria Obligatoria',240),(2014,40004853,'10600302','CIT','Bachillerato de Ciencias y Tecnología',241),(2014,40004853,'10600303','HCS','Bachillerato de Humanidades y Ciencias Sociales',242),(2014,40004853,'10600304','ARP','Bachillerato de Artes plásticas, imagen y diseño',243),(2014,40004865,'10200101','PRI','Educación Primaria',244),(2014,40004865,'10200301','PRI','Educación Primaria',245),(2014,40004865,'10400101','ESO','Educación Secundaria Obligatoria',246),(2014,40004865,'10600302','CIT','Bachillerato de Ciencias y Tecnología',247),(2014,40004865,'10600303','HCS','Bachillerato de Humanidades y Ciencias Sociales',248),(2014,40004865,'10600304','ARP','Bachillerato de Artes plásticas, imagen y diseño',249),(2014,40004877,'10200101','PRI','Educación Primaria',250),(2014,40004877,'10200301','PRI','Educación Primaria',251),(2014,40004877,'10400101','ESO','Educación Secundaria Obligatoria',252),(2014,40004877,'10600302','CIT','Bachillerato de Ciencias y Tecnología',253),(2014,40004877,'10600303','HCS','Bachillerato de Humanidades y Ciencias Sociales',254),(2014,40004877,'10600304','ARP','Bachillerato de Artes plásticas, imagen y diseño',255),(2014,40004890,'10200101','PRI','Educación Primaria',256),(2014,40004890,'10200301','PRI','Educación Primaria',257),(2014,40004890,'10400101','ESO','Educación Secundaria Obligatoria',258),(2014,40004890,'10600302','CIT','Bachillerato de Ciencias y Tecnología',259),(2014,40004890,'10600303','HCS','Bachillerato de Humanidades y Ciencias Sociales',260),(2014,40004890,'10600304','ARP','Bachillerato de Artes plásticas, imagen y diseño',261),(2014,40004920,'10200101','PRI','Educación Primaria',262),(2014,40004920,'10200301','PRI','Educación Primaria',263),(2014,40004920,'10400101','ESO','Educación Secundaria Obligatoria',264),(2014,40004920,'10600302','CIT','Bachillerato de Ciencias y Tecnología',265),(2014,40004920,'10600303','HCS','Bachillerato de Humanidades y Ciencias Sociales',266),(2014,40004920,'10600304','ARP','Bachillerato de Artes plásticas, imagen y diseño',267),(2014,40004932,'10200101','PRI','Educación Primaria',268),(2014,40004932,'10200301','PRI','Educación Primaria',269),(2014,40004932,'10400101','ESO','Educación Secundaria Obligatoria',270),(2014,40004932,'10600302','CIT','Bachillerato de Ciencias y Tecnología',271),(2014,40004932,'10600303','HCS','Bachillerato de Humanidades y Ciencias Sociales',272),(2014,40004932,'10600304','ARP','Bachillerato de Artes plásticas, imagen y diseño',273),(2014,40004956,'10200101','PRI','Educación Primaria',274),(2014,40004956,'10200301','PRI','Educación Primaria',275),(2014,40004956,'10400101','ESO','Educación Secundaria Obligatoria',276),(2014,40004956,'10600302','CIT','Bachillerato de Ciencias y Tecnología',277),(2014,40004956,'10600303','HCS','Bachillerato de Humanidades y Ciencias Sociales',278),(2014,40004956,'10600304','ARP','Bachillerato de Artes plásticas, imagen y diseño',279),(2014,40004968,'10200101','PRI','Educación Primaria',280),(2014,40004968,'10200301','PRI','Educación Primaria',281),(2014,40004968,'10400101','ESO','Educación Secundaria Obligatoria',282),(2014,40004968,'10600302','CIT','Bachillerato de Ciencias y Tecnología',283),(2014,40004968,'10600303','HCS','Bachillerato de Humanidades y Ciencias Sociales',284),(2014,40004968,'10600304','ARP','Bachillerato de Artes plásticas, imagen y diseño',285),(2014,40004971,'10200101','PRI','Educación Primaria',286),(2014,40004971,'10200301','PRI','Educación Primaria',287),(2014,40004971,'10400101','ESO','Educación Secundaria Obligatoria',288),(2014,40004971,'10600302','CIT','Bachillerato de Ciencias y Tecnología',289),(2014,40004971,'10600303','HCS','Bachillerato de Humanidades y Ciencias Sociales',290),(2014,40004971,'10600304','ARP','Bachillerato de Artes plásticas, imagen y diseño',291),(2014,40004993,'10200101','PRI','Educación Primaria',292),(2014,40004993,'10200301','PRI','Educación Primaria',293),(2014,40004993,'10400101','ESO','Educación Secundaria Obligatoria',294),(2014,40004993,'10600302','CIT','Bachillerato de Ciencias y Tecnología',295),(2014,40004993,'10600303','HCS','Bachillerato de Humanidades y Ciencias Sociales',296),(2014,40004993,'10600304','ARP','Bachillerato de Artes plásticas, imagen y diseño',297),(2014,40005110,'10200101','PRI','Educación Primaria',298),(2014,40005110,'10200301','PRI','Educación Primaria',299),(2014,40005110,'10400101','ESO','Educación Secundaria Obligatoria',300),(2014,40005110,'10600302','CIT','Bachillerato de Ciencias y Tecnología',301),(2014,40005110,'10600303','HCS','Bachillerato de Humanidades y Ciencias Sociales',302),(2014,40005110,'10600304','ARP','Bachillerato de Artes plásticas, imagen y diseño',303),(2014,40005122,'10200101','PRI','Educación Primaria',304),(2014,40005122,'10200301','PRI','Educación Primaria',305),(2014,40005122,'10400101','ESO','Educación Secundaria Obligatoria',306),(2014,40005122,'10600302','CIT','Bachillerato de Ciencias y Tecnología',307),(2014,40005122,'10600303','HCS','Bachillerato de Humanidades y Ciencias Sociales',308),(2014,40005122,'10600304','ARP','Bachillerato de Artes plásticas, imagen y diseño',309),(2014,40008342,'10200101','PRI','Educación Primaria',310),(2014,40008342,'10200301','PRI','Educación Primaria',311),(2014,40008342,'10400101','ESO','Educación Secundaria Obligatoria',312),(2014,40008342,'10600302','CIT','Bachillerato de Ciencias y Tecnología',313),(2014,40008342,'10600303','HCS','Bachillerato de Humanidades y Ciencias Sociales',314),(2014,40008342,'10600304','ARP','Bachillerato de Artes plásticas, imagen y diseño',315),(2014,40008378,'10200101','PRI','Educación Primaria',316),(2014,40008378,'10200301','PRI','Educación Primaria',317),(2014,40008378,'10400101','ESO','Educación Secundaria Obligatoria',318),(2014,40008378,'10600302','CIT','Bachillerato de Ciencias y Tecnología',319),(2014,40008378,'10600303','HCS','Bachillerato de Humanidades y Ciencias Sociales',320),(2014,40008378,'10600304','ARP','Bachillerato de Artes plásticas, imagen y diseño',321),(2014,47006961,'10200101','PRI','Educación Primaria',322),(2014,47006961,'10200301','PRI','Educación Primaria',323),(2014,47006961,'10400101','ESO','Educación Secundaria Obligatoria',324),(2014,47006961,'10600302','CIT','Bachillerato de Ciencias y Tecnología',325),(2014,47006961,'10600303','HCS','Bachillerato de Humanidades y Ciencias Sociales',326),(2014,47006961,'10600304','ARP','Bachillerato de Artes plásticas, imagen y diseño',327),(2014,47006971,'10200101','PRI','Educación Primaria',328),(2014,47006971,'10200301','PRI','Educación Primaria',329),(2014,47006971,'10400101','ESO','Educación Secundaria Obligatoria',330),(2014,47006971,'10600302','CIT','Bachillerato de Ciencias y Tecnología',331),(2014,47006971,'10600303','HCS','Bachillerato de Humanidades y Ciencias Sociales',332),(2014,47006971,'10600304','ARP','Bachillerato de Artes plásticas, imagen y diseño',333),(2014,47007148,'10200101','PRI','Educación Primaria',334),(2014,47007148,'10200301','PRI','Educación Primaria',335),(2014,47007148,'10400101','ESO','Educación Secundaria Obligatoria',336),(2014,47007148,'10600302','CIT','Bachillerato de Ciencias y Tecnología',337),(2014,47007148,'10600303','HCS','Bachillerato de Humanidades y Ciencias Sociales',338),(2014,47007148,'10600304','ARP','Bachillerato de Artes plásticas, imagen y diseño',339),(2014,47007151,'10200101','PRI','Educación Primaria',340),(2014,47007151,'10200301','PRI','Educación Primaria',341),(2014,47007151,'10400101','ESO','Educación Secundaria Obligatoria',342),(2014,47007151,'10600302','CIT','Bachillerato de Ciencias y Tecnología',343),(2014,47007151,'10600303','HCS','Bachillerato de Humanidades y Ciencias Sociales',344),(2014,47007151,'10600304','ARP','Bachillerato de Artes plásticas, imagen y diseño',345),(2014,47007161,'10200101','PRI','Educación Primaria',346),(2014,47007161,'10200301','PRI','Educación Primaria',347),(2014,47007161,'10400101','ESO','Educación Secundaria Obligatoria',348),(2014,47007161,'10600302','CIT','Bachillerato de Ciencias y Tecnología',349),(2014,47007161,'10600303','HCS','Bachillerato de Humanidades y Ciencias Sociales',350),(2014,47007161,'10600304','ARP','Bachillerato de Artes plásticas, imagen y diseño',351),(2014,47007173,'10200101','PRI','Educación Primaria',352),(2014,47007173,'10200301','PRI','Educación Primaria',353),(2014,47007173,'10400101','ESO','Educación Secundaria Obligatoria',354),(2014,47007173,'10600302','CIT','Bachillerato de Ciencias y Tecnología',355),(2014,47007173,'10600303','HCS','Bachillerato de Humanidades y Ciencias Sociales',356),(2014,47007173,'10600304','ARP','Bachillerato de Artes plásticas, imagen y diseño',357),(2014,47007203,'10200101','PRI','Educación Primaria',358),(2014,47007203,'10200301','PRI','Educación Primaria',359),(2014,47007203,'10400101','ESO','Educación Secundaria Obligatoria',360),(2014,47007203,'10600302','CIT','Bachillerato de Ciencias y Tecnología',361),(2014,47007203,'10600303','HCS','Bachillerato de Humanidades y Ciencias Sociales',362),(2014,47007203,'10600304','ARP','Bachillerato de Artes plásticas, imagen y diseño',363),(2014,47007215,'10200101','PRI','Educación Primaria',364),(2014,47007215,'10200301','PRI','Educación Primaria',365),(2014,47007215,'10400101','ESO','Educación Secundaria Obligatoria',366),(2014,47007215,'10600302','CIT','Bachillerato de Ciencias y Tecnología',367),(2014,47007215,'10600303','HCS','Bachillerato de Humanidades y Ciencias Sociales',368),(2014,47007215,'10600304','ARP','Bachillerato de Artes plásticas, imagen y diseño',369),(2014,47007227,'10200101','PRI','Educación Primaria',370),(2014,47007227,'10200301','PRI','Educación Primaria',371),(2014,47007227,'10400101','ESO','Educación Secundaria Obligatoria',372),(2014,47007227,'10600302','CIT','Bachillerato de Ciencias y Tecnología',373),(2014,47007227,'10600303','HCS','Bachillerato de Humanidades y Ciencias Sociales',374),(2014,47007227,'10600304','ARP','Bachillerato de Artes plásticas, imagen y diseño',375),(2014,47007239,'10200101','PRI','Educación Primaria',376),(2014,47007239,'10200301','PRI','Educación Primaria',377),(2014,47007239,'10400101','ESO','Educación Secundaria Obligatoria',378),(2014,47007239,'10600302','CIT','Bachillerato de Ciencias y Tecnología',379),(2014,47007239,'10600303','HCS','Bachillerato de Humanidades y Ciencias Sociales',380),(2014,47007239,'10600304','ARP','Bachillerato de Artes plásticas, imagen y diseño',381),(2014,47007252,'10200101','PRI','Educación Primaria',382),(2014,47007252,'10200301','PRI','Educación Primaria',383),(2014,47007252,'10400101','ESO','Educación Secundaria Obligatoria',384),(2014,47007252,'10600302','CIT','Bachillerato de Ciencias y Tecnología',385),(2014,47007252,'10600303','HCS','Bachillerato de Humanidades y Ciencias Sociales',386),(2014,47007252,'10600304','ARP','Bachillerato de Artes plásticas, imagen y diseño',387),(2014,47007264,'10200101','PRI','Educación Primaria',388),(2014,47007264,'10200301','PRI','Educación Primaria',389),(2014,47007264,'10400101','ESO','Educación Secundaria Obligatoria',390),(2014,47007264,'10600302','CIT','Bachillerato de Ciencias y Tecnología',391),(2014,47007264,'10600303','HCS','Bachillerato de Humanidades y Ciencias Sociales',392),(2014,47007264,'10600304','ARP','Bachillerato de Artes plásticas, imagen y diseño',393),(2014,47007321,'10200101','PRI','Educación Primaria',394),(2014,47007321,'10200301','PRI','Educación Primaria',395),(2014,47007321,'10400101','ESO','Educación Secundaria Obligatoria',396),(2014,47007321,'10600302','CIT','Bachillerato de Ciencias y Tecnología',397),(2014,47007321,'10600303','HCS','Bachillerato de Humanidades y Ciencias Sociales',398),(2014,47007321,'10600304','ARP','Bachillerato de Artes plásticas, imagen y diseño',399),(2014,47007380,'10200101','PRI','Educación Primaria',400),(2014,47007380,'10200301','PRI','Educación Primaria',401),(2014,47007380,'10400101','ESO','Educación Secundaria Obligatoria',402),(2014,47007380,'10600302','CIT','Bachillerato de Ciencias y Tecnología',403),(2014,47007380,'10600303','HCS','Bachillerato de Humanidades y Ciencias Sociales',404),(2014,47007380,'10600304','ARP','Bachillerato de Artes plásticas, imagen y diseño',405),(2014,47007409,'10200101','PRI','Educación Primaria',406),(2014,47007409,'10200301','PRI','Educación Primaria',407),(2014,47007409,'10400101','ESO','Educación Secundaria Obligatoria',408),(2014,47007409,'10600302','CIT','Bachillerato de Ciencias y Tecnología',409),(2014,47007409,'10600303','HCS','Bachillerato de Humanidades y Ciencias Sociales',410),(2014,47007409,'10600304','ARP','Bachillerato de Artes plásticas, imagen y diseño',411),(2014,47007410,'10200101','PRI','Educación Primaria',412),(2014,47007410,'10200301','PRI','Educación Primaria',413),(2014,47007410,'10400101','ESO','Educación Secundaria Obligatoria',414),(2014,47007410,'10600302','CIT','Bachillerato de Ciencias y Tecnología',415),(2014,47007410,'10600303','HCS','Bachillerato de Humanidades y Ciencias Sociales',416),(2014,47007410,'10600304','ARP','Bachillerato de Artes plásticas, imagen y diseño',417),(2014,47007422,'10200101','PRI','Educación Primaria',418),(2014,47007422,'10200301','PRI','Educación Primaria',419),(2014,47007422,'10400101','ESO','Educación Secundaria Obligatoria',420),(2014,47007422,'10600302','CIT','Bachillerato de Ciencias y Tecnología',421),(2014,47007422,'10600303','HCS','Bachillerato de Humanidades y Ciencias Sociales',422),(2014,47007422,'10600304','ARP','Bachillerato de Artes plásticas, imagen y diseño',423),(2014,47007458,'10200101','PRI','Educación Primaria',424),(2014,47007458,'10200301','PRI','Educación Primaria',425),(2014,47007458,'10400101','ESO','Educación Secundaria Obligatoria',426),(2014,47007458,'10600302','CIT','Bachillerato de Ciencias y Tecnología',427),(2014,47007458,'10600303','HCS','Bachillerato de Humanidades y Ciencias Sociales',428),(2014,47007458,'10600304','ARP','Bachillerato de Artes plásticas, imagen y diseño',429),(2015,40004762,'10200301','PRI','Educación Primaria',430),(2015,40004762,'10400101','ESO','Educación Secundaria Obligatoria (2º y 4º LOE)',431),(2015,40004762,'10400301','ESO','Educación Secundaria Obligatoria',432),(2015,40004762,'10800101','BCI','Bachillerato de Ciencias',433),(2015,40004762,'10800102','BHC','Bachillerato de Humanidades y Ciencias Sociales',434),(2015,40004762,'10800103','BRT','Bachillerato de Artes',435),(2015,40004798,'10200301','PRI','Educación Primaria',436),(2015,40004798,'10400101','ESO','Educación Secundaria Obligatoria (2º y 4º LOE)',437),(2015,40004798,'10400301','ESO','Educación Secundaria Obligatoria',438),(2015,40004798,'10800101','BCI','Bachillerato de Ciencias',439),(2015,40004798,'10800102','BHC','Bachillerato de Humanidades y Ciencias Sociales',440),(2015,40004798,'10800103','BRT','Bachillerato de Artes',441),(2015,40004804,'10200301','PRI','Educación Primaria',442),(2015,40004804,'10400101','ESO','Educación Secundaria Obligatoria (2º y 4º LOE)',443),(2015,40004804,'10400301','ESO','Educación Secundaria Obligatoria',444),(2015,40004804,'10800101','BCI','Bachillerato de Ciencias',445),(2015,40004804,'10800102','BHC','Bachillerato de Humanidades y Ciencias Sociales',446),(2015,40004804,'10800103','BRT','Bachillerato de Artes',447),(2015,40004816,'10200301','PRI','Educación Primaria',448),(2015,40004816,'10400101','ESO','Educación Secundaria Obligatoria (2º y 4º LOE)',449),(2015,40004816,'10400301','ESO','Educación Secundaria Obligatoria',450),(2015,40004816,'10800101','BCI','Bachillerato de Ciencias',451),(2015,40004816,'10800102','BHC','Bachillerato de Humanidades y Ciencias Sociales',452),(2015,40004816,'10800103','BRT','Bachillerato de Artes',453),(2015,40004828,'10200301','PRI','Educación Primaria',454),(2015,40004828,'10400101','ESO','Educación Secundaria Obligatoria (2º y 4º LOE)',455),(2015,40004828,'10400301','ESO','Educación Secundaria Obligatoria',456),(2015,40004828,'10800101','BCI','Bachillerato de Ciencias',457),(2015,40004828,'10800102','BHC','Bachillerato de Humanidades y Ciencias Sociales',458),(2015,40004828,'10800103','BRT','Bachillerato de Artes',459),(2015,40004831,'10200301','PRI','Educación Primaria',460),(2015,40004831,'10400101','ESO','Educación Secundaria Obligatoria (2º y 4º LOE)',461),(2015,40004831,'10400301','ESO','Educación Secundaria Obligatoria',462),(2015,40004831,'10800101','BCI','Bachillerato de Ciencias',463),(2015,40004831,'10800102','BHC','Bachillerato de Humanidades y Ciencias Sociales',464),(2015,40004831,'10800103','BRT','Bachillerato de Artes',465),(2015,40004841,'10200301','PRI','Educación Primaria',466),(2015,40004841,'10400101','ESO','Educación Secundaria Obligatoria (2º y 4º LOE)',467),(2015,40004841,'10400301','ESO','Educación Secundaria Obligatoria',468),(2015,40004841,'10800101','BCI','Bachillerato de Ciencias',469),(2015,40004841,'10800102','BHC','Bachillerato de Humanidades y Ciencias Sociales',470),(2015,40004841,'10800103','BRT','Bachillerato de Artes',471),(2015,40004853,'10200301','PRI','Educación Primaria',472),(2015,40004853,'10400101','ESO','Educación Secundaria Obligatoria (2º y 4º LOE)',473),(2015,40004853,'10400301','ESO','Educación Secundaria Obligatoria',474),(2015,40004853,'10800101','BCI','Bachillerato de Ciencias',475),(2015,40004853,'10800102','BHC','Bachillerato de Humanidades y Ciencias Sociales',476),(2015,40004853,'10800103','BRT','Bachillerato de Artes',477),(2015,40004865,'10200301','PRI','Educación Primaria',478),(2015,40004865,'10400101','ESO','Educación Secundaria Obligatoria (2º y 4º LOE)',479),(2015,40004865,'10400301','ESO','Educación Secundaria Obligatoria',480),(2015,40004865,'10800101','BCI','Bachillerato de Ciencias',481),(2015,40004865,'10800102','BHC','Bachillerato de Humanidades y Ciencias Sociales',482),(2015,40004865,'10800103','BRT','Bachillerato de Artes',483),(2015,40004877,'10200301','PRI','Educación Primaria',484),(2015,40004877,'10400101','ESO','Educación Secundaria Obligatoria (2º y 4º LOE)',485),(2015,40004877,'10400301','ESO','Educación Secundaria Obligatoria',486),(2015,40004877,'10800101','BCI','Bachillerato de Ciencias',487),(2015,40004877,'10800102','BHC','Bachillerato de Humanidades y Ciencias Sociales',488),(2015,40004877,'10800103','BRT','Bachillerato de Artes',489),(2015,40004890,'10200301','PRI','Educación Primaria',490),(2015,40004890,'10400101','ESO','Educación Secundaria Obligatoria (2º y 4º LOE)',491),(2015,40004890,'10400301','ESO','Educación Secundaria Obligatoria',492),(2015,40004890,'10800101','BCI','Bachillerato de Ciencias',493),(2015,40004890,'10800102','BHC','Bachillerato de Humanidades y Ciencias Sociales',494),(2015,40004890,'10800103','BRT','Bachillerato de Artes',495),(2015,40004920,'10200301','PRI','Educación Primaria',496),(2015,40004920,'10400101','ESO','Educación Secundaria Obligatoria (2º y 4º LOE)',497),(2015,40004920,'10400301','ESO','Educación Secundaria Obligatoria',498),(2015,40004920,'10800101','BCI','Bachillerato de Ciencias',499),(2015,40004920,'10800102','BHC','Bachillerato de Humanidades y Ciencias Sociales',500),(2015,40004920,'10800103','BRT','Bachillerato de Artes',501),(2015,40004932,'10200301','PRI','Educación Primaria',502),(2015,40004932,'10400101','ESO','Educación Secundaria Obligatoria (2º y 4º LOE)',503),(2015,40004932,'10400301','ESO','Educación Secundaria Obligatoria',504),(2015,40004932,'10800101','BCI','Bachillerato de Ciencias',505),(2015,40004932,'10800102','BHC','Bachillerato de Humanidades y Ciencias Sociales',506),(2015,40004932,'10800103','BRT','Bachillerato de Artes',507),(2015,40004956,'10200301','PRI','Educación Primaria',508),(2015,40004956,'10400101','ESO','Educación Secundaria Obligatoria (2º y 4º LOE)',509),(2015,40004956,'10400301','ESO','Educación Secundaria Obligatoria',510),(2015,40004956,'10800101','BCI','Bachillerato de Ciencias',511),(2015,40004956,'10800102','BHC','Bachillerato de Humanidades y Ciencias Sociales',512),(2015,40004956,'10800103','BRT','Bachillerato de Artes',513),(2015,40004968,'10200301','PRI','Educación Primaria',514),(2015,40004968,'10400101','ESO','Educación Secundaria Obligatoria (2º y 4º LOE)',515),(2015,40004968,'10400301','ESO','Educación Secundaria Obligatoria',516),(2015,40004968,'10800101','BCI','Bachillerato de Ciencias',517),(2015,40004968,'10800102','BHC','Bachillerato de Humanidades y Ciencias Sociales',518),(2015,40004968,'10800103','BRT','Bachillerato de Artes',519),(2015,40004971,'10200301','PRI','Educación Primaria',520),(2015,40004971,'10400101','ESO','Educación Secundaria Obligatoria (2º y 4º LOE)',521),(2015,40004971,'10400301','ESO','Educación Secundaria Obligatoria',522),(2015,40004971,'10800101','BCI','Bachillerato de Ciencias',523),(2015,40004971,'10800102','BHC','Bachillerato de Humanidades y Ciencias Sociales',524),(2015,40004971,'10800103','BRT','Bachillerato de Artes',525),(2015,40004993,'10200301','PRI','Educación Primaria',526),(2015,40004993,'10400101','ESO','Educación Secundaria Obligatoria (2º y 4º LOE)',527),(2015,40004993,'10400301','ESO','Educación Secundaria Obligatoria',528),(2015,40004993,'10800101','BCI','Bachillerato de Ciencias',529),(2015,40004993,'10800102','BHC','Bachillerato de Humanidades y Ciencias Sociales',530),(2015,40004993,'10800103','BRT','Bachillerato de Artes',531),(2015,40005110,'10200301','PRI','Educación Primaria',532),(2015,40005110,'10400101','ESO','Educación Secundaria Obligatoria (2º y 4º LOE)',533),(2015,40005110,'10400301','ESO','Educación Secundaria Obligatoria',534),(2015,40005110,'10800101','BCI','Bachillerato de Ciencias',535),(2015,40005110,'10800102','BHC','Bachillerato de Humanidades y Ciencias Sociales',536),(2015,40005110,'10800103','BRT','Bachillerato de Artes',537),(2015,40005122,'10200301','PRI','Educación Primaria',538),(2015,40005122,'10400101','ESO','Educación Secundaria Obligatoria (2º y 4º LOE)',539),(2015,40005122,'10400301','ESO','Educación Secundaria Obligatoria',540),(2015,40005122,'10800101','BCI','Bachillerato de Ciencias',541),(2015,40005122,'10800102','BHC','Bachillerato de Humanidades y Ciencias Sociales',542),(2015,40005122,'10800103','BRT','Bachillerato de Artes',543),(2015,40008342,'10200301','PRI','Educación Primaria',544),(2015,40008342,'10400101','ESO','Educación Secundaria Obligatoria (2º y 4º LOE)',545),(2015,40008342,'10400301','ESO','Educación Secundaria Obligatoria',546),(2015,40008342,'10800101','BCI','Bachillerato de Ciencias',547),(2015,40008342,'10800102','BHC','Bachillerato de Humanidades y Ciencias Sociales',548),(2015,40008342,'10800103','BRT','Bachillerato de Artes',549),(2015,40008378,'10200301','PRI','Educación Primaria',550),(2015,40008378,'10400101','ESO','Educación Secundaria Obligatoria (2º y 4º LOE)',551),(2015,40008378,'10400301','ESO','Educación Secundaria Obligatoria',552),(2015,40008378,'10800101','BCI','Bachillerato de Ciencias',553),(2015,40008378,'10800102','BHC','Bachillerato de Humanidades y Ciencias Sociales',554),(2015,40008378,'10800103','BRT','Bachillerato de Artes',555),(2015,47006961,'10200301','PRI','Educación Primaria',556),(2015,47006961,'10400101','ESO','Educación Secundaria Obligatoria (2º y 4º LOE)',557),(2015,47006961,'10400301','ESO','Educación Secundaria Obligatoria',558),(2015,47006961,'10800101','BCI','Bachillerato de Ciencias',559),(2015,47006961,'10800102','BHC','Bachillerato de Humanidades y Ciencias Sociales',560),(2015,47006961,'10800103','BRT','Bachillerato de Artes',561),(2015,47006971,'10200301','PRI','Educación Primaria',562),(2015,47006971,'10400101','ESO','Educación Secundaria Obligatoria (2º y 4º LOE)',563),(2015,47006971,'10400301','ESO','Educación Secundaria Obligatoria',564),(2015,47006971,'10800101','BCI','Bachillerato de Ciencias',565),(2015,47006971,'10800102','BHC','Bachillerato de Humanidades y Ciencias Sociales',566),(2015,47006971,'10800103','BRT','Bachillerato de Artes',567),(2015,47007148,'10200301','PRI','Educación Primaria',568),(2015,47007148,'10400101','ESO','Educación Secundaria Obligatoria (2º y 4º LOE)',569),(2015,47007148,'10400301','ESO','Educación Secundaria Obligatoria',570),(2015,47007148,'10800101','BCI','Bachillerato de Ciencias',571),(2015,47007148,'10800102','BHC','Bachillerato de Humanidades y Ciencias Sociales',572),(2015,47007148,'10800103','BRT','Bachillerato de Artes',573),(2015,47007151,'10200301','PRI','Educación Primaria',574),(2015,47007151,'10400101','ESO','Educación Secundaria Obligatoria (2º y 4º LOE)',575),(2015,47007151,'10400301','ESO','Educación Secundaria Obligatoria',576),(2015,47007151,'10800101','BCI','Bachillerato de Ciencias',577),(2015,47007151,'10800102','BHC','Bachillerato de Humanidades y Ciencias Sociales',578),(2015,47007151,'10800103','BRT','Bachillerato de Artes',579),(2015,47007161,'10200301','PRI','Educación Primaria',580),(2015,47007161,'10400101','ESO','Educación Secundaria Obligatoria (2º y 4º LOE)',581),(2015,47007161,'10400301','ESO','Educación Secundaria Obligatoria',582),(2015,47007161,'10800101','BCI','Bachillerato de Ciencias',583),(2015,47007161,'10800102','BHC','Bachillerato de Humanidades y Ciencias Sociales',584),(2015,47007161,'10800103','BRT','Bachillerato de Artes',585),(2015,47007173,'10200301','PRI','Educación Primaria',586),(2015,47007173,'10400101','ESO','Educación Secundaria Obligatoria (2º y 4º LOE)',587),(2015,47007173,'10400301','ESO','Educación Secundaria Obligatoria',588),(2015,47007173,'10800101','BCI','Bachillerato de Ciencias',589),(2015,47007173,'10800102','BHC','Bachillerato de Humanidades y Ciencias Sociales',590),(2015,47007173,'10800103','BRT','Bachillerato de Artes',591),(2015,47007203,'10200301','PRI','Educación Primaria',592),(2015,47007203,'10400101','ESO','Educación Secundaria Obligatoria (2º y 4º LOE)',593),(2015,47007203,'10400301','ESO','Educación Secundaria Obligatoria',594),(2015,47007203,'10800101','BCI','Bachillerato de Ciencias',595),(2015,47007203,'10800102','BHC','Bachillerato de Humanidades y Ciencias Sociales',596),(2015,47007203,'10800103','BRT','Bachillerato de Artes',597),(2015,47007215,'10200301','PRI','Educación Primaria',598),(2015,47007215,'10400101','ESO','Educación Secundaria Obligatoria (2º y 4º LOE)',599),(2015,47007215,'10400301','ESO','Educación Secundaria Obligatoria',600),(2015,47007215,'10800101','BCI','Bachillerato de Ciencias',601),(2015,47007215,'10800102','BHC','Bachillerato de Humanidades y Ciencias Sociales',602),(2015,47007215,'10800103','BRT','Bachillerato de Artes',603),(2015,47007227,'10200301','PRI','Educación Primaria',604),(2015,47007227,'10400101','ESO','Educación Secundaria Obligatoria (2º y 4º LOE)',605),(2015,47007227,'10400301','ESO','Educación Secundaria Obligatoria',606),(2015,47007227,'10800101','BCI','Bachillerato de Ciencias',607),(2015,47007227,'10800102','BHC','Bachillerato de Humanidades y Ciencias Sociales',608),(2015,47007227,'10800103','BRT','Bachillerato de Artes',609),(2015,47007239,'10200301','PRI','Educación Primaria',610),(2015,47007239,'10400101','ESO','Educación Secundaria Obligatoria (2º y 4º LOE)',611),(2015,47007239,'10400301','ESO','Educación Secundaria Obligatoria',612),(2015,47007239,'10800101','BCI','Bachillerato de Ciencias',613),(2015,47007239,'10800102','BHC','Bachillerato de Humanidades y Ciencias Sociales',614),(2015,47007239,'10800103','BRT','Bachillerato de Artes',615),(2015,47007252,'10200301','PRI','Educación Primaria',616),(2015,47007252,'10400101','ESO','Educación Secundaria Obligatoria (2º y 4º LOE)',617),(2015,47007252,'10400301','ESO','Educación Secundaria Obligatoria',618),(2015,47007252,'10800101','BCI','Bachillerato de Ciencias',619),(2015,47007252,'10800102','BHC','Bachillerato de Humanidades y Ciencias Sociales',620),(2015,47007252,'10800103','BRT','Bachillerato de Artes',621),(2015,47007264,'10200301','PRI','Educación Primaria',622),(2015,47007264,'10400101','ESO','Educación Secundaria Obligatoria (2º y 4º LOE)',623),(2015,47007264,'10400301','ESO','Educación Secundaria Obligatoria',624),(2015,47007264,'10800101','BCI','Bachillerato de Ciencias',625),(2015,47007264,'10800102','BHC','Bachillerato de Humanidades y Ciencias Sociales',626),(2015,47007264,'10800103','BRT','Bachillerato de Artes',627),(2015,47007321,'10200301','PRI','Educación Primaria',628),(2015,47007321,'10400101','ESO','Educación Secundaria Obligatoria (2º y 4º LOE)',629),(2015,47007321,'10400301','ESO','Educación Secundaria Obligatoria',630),(2015,47007321,'10800101','BCI','Bachillerato de Ciencias',631),(2015,47007321,'10800102','BHC','Bachillerato de Humanidades y Ciencias Sociales',632),(2015,47007321,'10800103','BRT','Bachillerato de Artes',633),(2015,47007380,'10200301','PRI','Educación Primaria',634),(2015,47007380,'10400101','ESO','Educación Secundaria Obligatoria (2º y 4º LOE)',635),(2015,47007380,'10400301','ESO','Educación Secundaria Obligatoria',636),(2015,47007380,'10800101','BCI','Bachillerato de Ciencias',637),(2015,47007380,'10800102','BHC','Bachillerato de Humanidades y Ciencias Sociales',638),(2015,47007380,'10800103','BRT','Bachillerato de Artes',639),(2015,47007409,'10200301','PRI','Educación Primaria',640),(2015,47007409,'10400101','ESO','Educación Secundaria Obligatoria (2º y 4º LOE)',641),(2015,47007409,'10400301','ESO','Educación Secundaria Obligatoria',642),(2015,47007409,'10800101','BCI','Bachillerato de Ciencias',643),(2015,47007409,'10800102','BHC','Bachillerato de Humanidades y Ciencias Sociales',644),(2015,47007409,'10800103','BRT','Bachillerato de Artes',645),(2015,47007410,'10200301','PRI','Educación Primaria',646),(2015,47007410,'10400101','ESO','Educación Secundaria Obligatoria (2º y 4º LOE)',647),(2015,47007410,'10400301','ESO','Educación Secundaria Obligatoria',648),(2015,47007410,'10800101','BCI','Bachillerato de Ciencias',649),(2015,47007410,'10800102','BHC','Bachillerato de Humanidades y Ciencias Sociales',650),(2015,47007410,'10800103','BRT','Bachillerato de Artes',651),(2015,47007422,'10200301','PRI','Educación Primaria',652),(2015,47007422,'10400101','ESO','Educación Secundaria Obligatoria (2º y 4º LOE)',653),(2015,47007422,'10400301','ESO','Educación Secundaria Obligatoria',654),(2015,47007422,'10800101','BCI','Bachillerato de Ciencias',655),(2015,47007422,'10800102','BHC','Bachillerato de Humanidades y Ciencias Sociales',656),(2015,47007422,'10800103','BRT','Bachillerato de Artes',657),(2015,47007458,'10200301','PRI','Educación Primaria',658),(2015,47007458,'10400101','ESO','Educación Secundaria Obligatoria (2º y 4º LOE)',659),(2015,47007458,'10400301','ESO','Educación Secundaria Obligatoria',660),(2015,47007458,'10800101','BCI','Bachillerato de Ciencias',661),(2015,47007458,'10800102','BHC','Bachillerato de Humanidades y Ciencias Sociales',662),(2015,47007458,'10800103','BRT','Bachillerato de Artes',663),(2016,40002145,'10200301','PRI','Educación Primaria',664),(2016,40002145,'10400301','ESO','Educación Secundaria Obligatoria',665),(2016,40002145,'10800101','BCI','Bachillerato de Ciencias',666),(2016,40002145,'10800102','BHC','Bachillerato de Humanidades y Ciencias Sociales',667),(2016,40002145,'10800103','BRT','Bachillerato de Artes',668),(2016,40004762,'10200301','PRI','Educación Primaria',669),(2016,40004762,'10400301','ESO','Educación Secundaria Obligatoria',670),(2016,40004762,'10800101','BCI','Bachillerato de Ciencias',671),(2016,40004762,'10800102','BHC','Bachillerato de Humanidades y Ciencias Sociales',672),(2016,40004762,'10800103','BRT','Bachillerato de Artes',673),(2016,40004798,'10200301','PRI','Educación Primaria',674),(2016,40004798,'10400301','ESO','Educación Secundaria Obligatoria',675),(2016,40004798,'10800101','BCI','Bachillerato de Ciencias',676),(2016,40004798,'10800102','BHC','Bachillerato de Humanidades y Ciencias Sociales',677),(2016,40004798,'10800103','BRT','Bachillerato de Artes',678),(2016,40004804,'10200301','PRI','Educación Primaria',679),(2016,40004804,'10400301','ESO','Educación Secundaria Obligatoria',680),(2016,40004804,'10800101','BCI','Bachillerato de Ciencias',681),(2016,40004804,'10800102','BHC','Bachillerato de Humanidades y Ciencias Sociales',682),(2016,40004804,'10800103','BRT','Bachillerato de Artes',683),(2016,40004816,'10200301','PRI','Educación Primaria',684),(2016,40004816,'10400301','ESO','Educación Secundaria Obligatoria',685),(2016,40004816,'10800101','BCI','Bachillerato de Ciencias',686),(2016,40004816,'10800102','BHC','Bachillerato de Humanidades y Ciencias Sociales',687),(2016,40004816,'10800103','BRT','Bachillerato de Artes',688),(2016,40004828,'10200301','PRI','Educación Primaria',689),(2016,40004828,'10400301','ESO','Educación Secundaria Obligatoria',690),(2016,40004828,'10800101','BCI','Bachillerato de Ciencias',691),(2016,40004828,'10800102','BHC','Bachillerato de Humanidades y Ciencias Sociales',692),(2016,40004828,'10800103','BRT','Bachillerato de Artes',693),(2016,40004831,'10200301','PRI','Educación Primaria',694),(2016,40004831,'10400301','ESO','Educación Secundaria Obligatoria',695),(2016,40004831,'10800101','BCI','Bachillerato de Ciencias',696),(2016,40004831,'10800102','BHC','Bachillerato de Humanidades y Ciencias Sociales',697),(2016,40004831,'10800103','BRT','Bachillerato de Artes',698),(2016,40004841,'10200301','PRI','Educación Primaria',699),(2016,40004841,'10400301','ESO','Educación Secundaria Obligatoria',700),(2016,40004841,'10800101','BCI','Bachillerato de Ciencias',701),(2016,40004841,'10800102','BHC','Bachillerato de Humanidades y Ciencias Sociales',702),(2016,40004841,'10800103','BRT','Bachillerato de Artes',703),(2016,40004853,'10200301','PRI','Educación Primaria',704),(2016,40004853,'10400301','ESO','Educación Secundaria Obligatoria',705),(2016,40004853,'10800101','BCI','Bachillerato de Ciencias',706),(2016,40004853,'10800102','BHC','Bachillerato de Humanidades y Ciencias Sociales',707),(2016,40004853,'10800103','BRT','Bachillerato de Artes',708),(2016,40004865,'10200301','PRI','Educación Primaria',709),(2016,40004865,'10400301','ESO','Educación Secundaria Obligatoria',710),(2016,40004865,'10800101','BCI','Bachillerato de Ciencias',711),(2016,40004865,'10800102','BHC','Bachillerato de Humanidades y Ciencias Sociales',712),(2016,40004865,'10800103','BRT','Bachillerato de Artes',713),(2016,40004877,'10200301','PRI','Educación Primaria',714),(2016,40004877,'10400301','ESO','Educación Secundaria Obligatoria',715),(2016,40004877,'10800101','BCI','Bachillerato de Ciencias',716),(2016,40004877,'10800102','BHC','Bachillerato de Humanidades y Ciencias Sociales',717),(2016,40004877,'10800103','BRT','Bachillerato de Artes',718),(2016,40004890,'10200301','PRI','Educación Primaria',719),(2016,40004890,'10400301','ESO','Educación Secundaria Obligatoria',720),(2016,40004890,'10800101','BCI','Bachillerato de Ciencias',721),(2016,40004890,'10800102','BHC','Bachillerato de Humanidades y Ciencias Sociales',722),(2016,40004890,'10800103','BRT','Bachillerato de Artes',723),(2016,40004920,'10200301','PRI','Educación Primaria',724),(2016,40004920,'10400301','ESO','Educación Secundaria Obligatoria',725),(2016,40004920,'10800101','BCI','Bachillerato de Ciencias',726),(2016,40004920,'10800102','BHC','Bachillerato de Humanidades y Ciencias Sociales',727),(2016,40004920,'10800103','BRT','Bachillerato de Artes',728),(2016,40004932,'10200301','PRI','Educación Primaria',729),(2016,40004932,'10400301','ESO','Educación Secundaria Obligatoria',730),(2016,40004932,'10800101','BCI','Bachillerato de Ciencias',731),(2016,40004932,'10800102','BHC','Bachillerato de Humanidades y Ciencias Sociales',732),(2016,40004932,'10800103','BRT','Bachillerato de Artes',733),(2016,40004956,'10200301','PRI','Educación Primaria',734),(2016,40004956,'10400301','ESO','Educación Secundaria Obligatoria',735),(2016,40004956,'10800101','BCI','Bachillerato de Ciencias',736),(2016,40004956,'10800102','BHC','Bachillerato de Humanidades y Ciencias Sociales',737),(2016,40004956,'10800103','BRT','Bachillerato de Artes',738),(2016,40004968,'10200301','PRI','Educación Primaria',739),(2016,40004968,'10400301','ESO','Educación Secundaria Obligatoria',740),(2016,40004968,'10800101','BCI','Bachillerato de Ciencias',741),(2016,40004968,'10800102','BHC','Bachillerato de Humanidades y Ciencias Sociales',742),(2016,40004968,'10800103','BRT','Bachillerato de Artes',743),(2016,40004971,'10200301','PRI','Educación Primaria',744),(2016,40004971,'10400301','ESO','Educación Secundaria Obligatoria',745),(2016,40004971,'10800101','BCI','Bachillerato de Ciencias',746),(2016,40004971,'10800102','BHC','Bachillerato de Humanidades y Ciencias Sociales',747),(2016,40004971,'10800103','BRT','Bachillerato de Artes',748),(2016,40004993,'10200301','PRI','Educación Primaria',749),(2016,40004993,'10400301','ESO','Educación Secundaria Obligatoria',750),(2016,40004993,'10800101','BCI','Bachillerato de Ciencias',751),(2016,40004993,'10800102','BHC','Bachillerato de Humanidades y Ciencias Sociales',752),(2016,40004993,'10800103','BRT','Bachillerato de Artes',753),(2016,40005110,'10200301','PRI','Educación Primaria',754),(2016,40005110,'10400301','ESO','Educación Secundaria Obligatoria',755),(2016,40005110,'10800101','BCI','Bachillerato de Ciencias',756),(2016,40005110,'10800102','BHC','Bachillerato de Humanidades y Ciencias Sociales',757),(2016,40005110,'10800103','BRT','Bachillerato de Artes',758),(2016,40005122,'10200301','PRI','Educación Primaria',759),(2016,40005122,'10400301','ESO','Educación Secundaria Obligatoria',760),(2016,40005122,'10800101','BCI','Bachillerato de Ciencias',761),(2016,40005122,'10800102','BHC','Bachillerato de Humanidades y Ciencias Sociales',762),(2016,40005122,'10800103','BRT','Bachillerato de Artes',763),(2016,40008342,'10200301','PRI','Educación Primaria',764),(2016,40008342,'10400301','ESO','Educación Secundaria Obligatoria',765),(2016,40008342,'10800101','BCI','Bachillerato de Ciencias',766),(2016,40008342,'10800102','BHC','Bachillerato de Humanidades y Ciencias Sociales',767),(2016,40008342,'10800103','BRT','Bachillerato de Artes',768),(2016,40008378,'10200301','PRI','Educación Primaria',769),(2016,40008378,'10400301','ESO','Educación Secundaria Obligatoria',770),(2016,40008378,'10800101','BCI','Bachillerato de Ciencias',771),(2016,40008378,'10800102','BHC','Bachillerato de Humanidades y Ciencias Sociales',772),(2016,40008378,'10800103','BRT','Bachillerato de Artes',773),(2016,47006961,'10200301','PRI','Educación Primaria',774),(2016,47006961,'10400301','ESO','Educación Secundaria Obligatoria',775),(2016,47006961,'10800101','BCI','Bachillerato de Ciencias',776),(2016,47006961,'10800102','BHC','Bachillerato de Humanidades y Ciencias Sociales',777),(2016,47006961,'10800103','BRT','Bachillerato de Artes',778),(2016,47006971,'10200301','PRI','Educación Primaria',779),(2016,47006971,'10400301','ESO','Educación Secundaria Obligatoria',780),(2016,47006971,'10800101','BCI','Bachillerato de Ciencias',781),(2016,47006971,'10800102','BHC','Bachillerato de Humanidades y Ciencias Sociales',782),(2016,47006971,'10800103','BRT','Bachillerato de Artes',783),(2016,47007148,'10200301','PRI','Educación Primaria',784),(2016,47007148,'10400301','ESO','Educación Secundaria Obligatoria',785),(2016,47007148,'10800101','BCI','Bachillerato de Ciencias',786),(2016,47007148,'10800102','BHC','Bachillerato de Humanidades y Ciencias Sociales',787),(2016,47007148,'10800103','BRT','Bachillerato de Artes',788),(2016,47007151,'10200301','PRI','Educación Primaria',789),(2016,47007151,'10400301','ESO','Educación Secundaria Obligatoria',790),(2016,47007151,'10800101','BCI','Bachillerato de Ciencias',791),(2016,47007151,'10800102','BHC','Bachillerato de Humanidades y Ciencias Sociales',792),(2016,47007151,'10800103','BRT','Bachillerato de Artes',793),(2016,47007161,'10200301','PRI','Educación Primaria',794),(2016,47007161,'10400301','ESO','Educación Secundaria Obligatoria',795),(2016,47007161,'10800101','BCI','Bachillerato de Ciencias',796),(2016,47007161,'10800102','BHC','Bachillerato de Humanidades y Ciencias Sociales',797),(2016,47007161,'10800103','BRT','Bachillerato de Artes',798),(2016,47007173,'10200301','PRI','Educación Primaria',799),(2016,47007173,'10400301','ESO','Educación Secundaria Obligatoria',800),(2016,47007173,'10800101','BCI','Bachillerato de Ciencias',801),(2016,47007173,'10800102','BHC','Bachillerato de Humanidades y Ciencias Sociales',802),(2016,47007173,'10800103','BRT','Bachillerato de Artes',803),(2016,47007203,'10200301','PRI','Educación Primaria',804),(2016,47007203,'10400301','ESO','Educación Secundaria Obligatoria',805),(2016,47007203,'10800101','BCI','Bachillerato de Ciencias',806),(2016,47007203,'10800102','BHC','Bachillerato de Humanidades y Ciencias Sociales',807),(2016,47007203,'10800103','BRT','Bachillerato de Artes',808),(2016,47007215,'10200301','PRI','Educación Primaria',809),(2016,47007215,'10400301','ESO','Educación Secundaria Obligatoria',810),(2016,47007215,'10800101','BCI','Bachillerato de Ciencias',811),(2016,47007215,'10800102','BHC','Bachillerato de Humanidades y Ciencias Sociales',812),(2016,47007215,'10800103','BRT','Bachillerato de Artes',813),(2016,47007227,'10200301','PRI','Educación Primaria',814),(2016,47007227,'10400301','ESO','Educación Secundaria Obligatoria',815),(2016,47007227,'10800101','BCI','Bachillerato de Ciencias',816),(2016,47007227,'10800102','BHC','Bachillerato de Humanidades y Ciencias Sociales',817),(2016,47007227,'10800103','BRT','Bachillerato de Artes',818),(2016,47007239,'10200301','PRI','Educación Primaria',819),(2016,47007239,'10400301','ESO','Educación Secundaria Obligatoria',820),(2016,47007239,'10800101','BCI','Bachillerato de Ciencias',821),(2016,47007239,'10800102','BHC','Bachillerato de Humanidades y Ciencias Sociales',822),(2016,47007239,'10800103','BRT','Bachillerato de Artes',823),(2016,47007252,'10200301','PRI','Educación Primaria',824),(2016,47007252,'10400301','ESO','Educación Secundaria Obligatoria',825),(2016,47007252,'10800101','BCI','Bachillerato de Ciencias',826),(2016,47007252,'10800102','BHC','Bachillerato de Humanidades y Ciencias Sociales',827),(2016,47007252,'10800103','BRT','Bachillerato de Artes',828),(2016,47007264,'10200301','PRI','Educación Primaria',829),(2016,47007264,'10400301','ESO','Educación Secundaria Obligatoria',830),(2016,47007264,'10800101','BCI','Bachillerato de Ciencias',831),(2016,47007264,'10800102','BHC','Bachillerato de Humanidades y Ciencias Sociales',832),(2016,47007264,'10800103','BRT','Bachillerato de Artes',833),(2016,47007321,'10200301','PRI','Educación Primaria',834),(2016,47007321,'10400301','ESO','Educación Secundaria Obligatoria',835),(2016,47007321,'10800101','BCI','Bachillerato de Ciencias',836),(2016,47007321,'10800102','BHC','Bachillerato de Humanidades y Ciencias Sociales',837),(2016,47007321,'10800103','BRT','Bachillerato de Artes',838),(2016,47007380,'10200301','PRI','Educación Primaria',839),(2016,47007380,'10400301','ESO','Educación Secundaria Obligatoria',840),(2016,47007380,'10800101','BCI','Bachillerato de Ciencias',841),(2016,47007380,'10800102','BHC','Bachillerato de Humanidades y Ciencias Sociales',842),(2016,47007380,'10800103','BRT','Bachillerato de Artes',843),(2016,47007409,'10200301','PRI','Educación Primaria',844),(2016,47007409,'10400301','ESO','Educación Secundaria Obligatoria',845),(2016,47007409,'10800101','BCI','Bachillerato de Ciencias',846),(2016,47007409,'10800102','BHC','Bachillerato de Humanidades y Ciencias Sociales',847),(2016,47007409,'10800103','BRT','Bachillerato de Artes',848),(2016,47007410,'10200301','PRI','Educación Primaria',849),(2016,47007410,'10400301','ESO','Educación Secundaria Obligatoria',850),(2016,47007410,'10800101','BCI','Bachillerato de Ciencias',851),(2016,47007410,'10800102','BHC','Bachillerato de Humanidades y Ciencias Sociales',852),(2016,47007410,'10800103','BRT','Bachillerato de Artes',853),(2016,47007422,'10200301','PRI','Educación Primaria',854),(2016,47007422,'10400301','ESO','Educación Secundaria Obligatoria',855),(2016,47007422,'10800101','BCI','Bachillerato de Ciencias',856),(2016,47007422,'10800102','BHC','Bachillerato de Humanidades y Ciencias Sociales',857),(2016,47007422,'10800103','BRT','Bachillerato de Artes',858),(2016,47007458,'10200301','PRI','Educación Primaria',859),(2016,47007458,'10400301','ESO','Educación Secundaria Obligatoria',860),(2016,47007458,'10800101','BCI','Bachillerato de Ciencias',861),(2016,47007458,'10800102','BHC','Bachillerato de Humanidades y Ciencias Sociales',862),(2016,47007458,'10800103','BRT','Bachillerato de Artes',863),(2017,40002145,'10200301','PRI','Educación Primaria',864),(2017,40002145,'10400301','ESO','Educación Secundaria Obligatoria',865),(2017,40002145,'10800101','BCI','Bachillerato de Ciencias',866),(2017,40002145,'10800102','BHC','Bachillerato de Humanidades y Ciencias Sociales',867),(2017,40002145,'10800103','BRT','Bachillerato de Artes',868),(2017,40004762,'10200301','PRI','Educación Primaria',869),(2017,40004762,'10400301','ESO','Educación Secundaria Obligatoria',870),(2017,40004762,'10800101','BCI','Bachillerato de Ciencias',871),(2017,40004762,'10800102','BHC','Bachillerato de Humanidades y Ciencias Sociales',872),(2017,40004762,'10800103','BRT','Bachillerato de Artes',873),(2017,40004798,'10200301','PRI','Educación Primaria',874),(2017,40004798,'10400301','ESO','Educación Secundaria Obligatoria',875),(2017,40004798,'10800101','BCI','Bachillerato de Ciencias',876),(2017,40004798,'10800102','BHC','Bachillerato de Humanidades y Ciencias Sociales',877),(2017,40004798,'10800103','BRT','Bachillerato de Artes',878),(2017,40004804,'10200301','PRI','Educación Primaria',879),(2017,40004804,'10400301','ESO','Educación Secundaria Obligatoria',880),(2017,40004804,'10800101','BCI','Bachillerato de Ciencias',881),(2017,40004804,'10800102','BHC','Bachillerato de Humanidades y Ciencias Sociales',882),(2017,40004804,'10800103','BRT','Bachillerato de Artes',883),(2017,40004816,'10200301','PRI','Educación Primaria',884),(2017,40004816,'10400301','ESO','Educación Secundaria Obligatoria',885),(2017,40004816,'10800101','BCI','Bachillerato de Ciencias',886),(2017,40004816,'10800102','BHC','Bachillerato de Humanidades y Ciencias Sociales',887),(2017,40004816,'10800103','BRT','Bachillerato de Artes',888),(2017,40004828,'10200301','PRI','Educación Primaria',889),(2017,40004828,'10400301','ESO','Educación Secundaria Obligatoria',890),(2017,40004828,'10800101','BCI','Bachillerato de Ciencias',891),(2017,40004828,'10800102','BHC','Bachillerato de Humanidades y Ciencias Sociales',892),(2017,40004828,'10800103','BRT','Bachillerato de Artes',893),(2017,40004831,'10200301','PRI','Educación Primaria',894),(2017,40004831,'10400301','ESO','Educación Secundaria Obligatoria',895),(2017,40004831,'10800101','BCI','Bachillerato de Ciencias',896),(2017,40004831,'10800102','BHC','Bachillerato de Humanidades y Ciencias Sociales',897),(2017,40004831,'10800103','BRT','Bachillerato de Artes',898),(2017,40004841,'10200301','PRI','Educación Primaria',899),(2017,40004841,'10400301','ESO','Educación Secundaria Obligatoria',900),(2017,40004841,'10800101','BCI','Bachillerato de Ciencias',901),(2017,40004841,'10800102','BHC','Bachillerato de Humanidades y Ciencias Sociales',902),(2017,40004841,'10800103','BRT','Bachillerato de Artes',903),(2017,40004853,'10200301','PRI','Educación Primaria',904),(2017,40004853,'10400301','ESO','Educación Secundaria Obligatoria',905),(2017,40004853,'10800101','BCI','Bachillerato de Ciencias',906),(2017,40004853,'10800102','BHC','Bachillerato de Humanidades y Ciencias Sociales',907),(2017,40004853,'10800103','BRT','Bachillerato de Artes',908),(2017,40004865,'10200301','PRI','Educación Primaria',909),(2017,40004865,'10400301','ESO','Educación Secundaria Obligatoria',910),(2017,40004865,'10800101','BCI','Bachillerato de Ciencias',911),(2017,40004865,'10800102','BHC','Bachillerato de Humanidades y Ciencias Sociales',912),(2017,40004865,'10800103','BRT','Bachillerato de Artes',913),(2017,40004877,'10200301','PRI','Educación Primaria',914),(2017,40004877,'10400301','ESO','Educación Secundaria Obligatoria',915),(2017,40004877,'10800101','BCI','Bachillerato de Ciencias',916),(2017,40004877,'10800102','BHC','Bachillerato de Humanidades y Ciencias Sociales',917),(2017,40004877,'10800103','BRT','Bachillerato de Artes',918),(2017,40004890,'10200301','PRI','Educación Primaria',919),(2017,40004890,'10400301','ESO','Educación Secundaria Obligatoria',920),(2017,40004890,'10800101','BCI','Bachillerato de Ciencias',921),(2017,40004890,'10800102','BHC','Bachillerato de Humanidades y Ciencias Sociales',922),(2017,40004890,'10800103','BRT','Bachillerato de Artes',923),(2017,40004920,'10200301','PRI','Educación Primaria',924),(2017,40004920,'10400301','ESO','Educación Secundaria Obligatoria',925),(2017,40004920,'10800101','BCI','Bachillerato de Ciencias',926),(2017,40004920,'10800102','BHC','Bachillerato de Humanidades y Ciencias Sociales',927),(2017,40004920,'10800103','BRT','Bachillerato de Artes',928),(2017,40004932,'10200301','PRI','Educación Primaria',929),(2017,40004932,'10400301','ESO','Educación Secundaria Obligatoria',930),(2017,40004932,'10800101','BCI','Bachillerato de Ciencias',931),(2017,40004932,'10800102','BHC','Bachillerato de Humanidades y Ciencias Sociales',932),(2017,40004932,'10800103','BRT','Bachillerato de Artes',933),(2017,40004956,'10200301','PRI','Educación Primaria',934),(2017,40004956,'10400301','ESO','Educación Secundaria Obligatoria',935),(2017,40004956,'10800101','BCI','Bachillerato de Ciencias',936),(2017,40004956,'10800102','BHC','Bachillerato de Humanidades y Ciencias Sociales',937),(2017,40004956,'10800103','BRT','Bachillerato de Artes',938),(2017,40004968,'10200301','PRI','Educación Primaria',939),(2017,40004968,'10400301','ESO','Educación Secundaria Obligatoria',940),(2017,40004968,'10800101','BCI','Bachillerato de Ciencias',941),(2017,40004968,'10800102','BHC','Bachillerato de Humanidades y Ciencias Sociales',942),(2017,40004968,'10800103','BRT','Bachillerato de Artes',943),(2017,40004971,'10200301','PRI','Educación Primaria',944),(2017,40004971,'10400301','ESO','Educación Secundaria Obligatoria',945),(2017,40004971,'10800101','BCI','Bachillerato de Ciencias',946),(2017,40004971,'10800102','BHC','Bachillerato de Humanidades y Ciencias Sociales',947),(2017,40004971,'10800103','BRT','Bachillerato de Artes',948),(2017,40004993,'10200301','PRI','Educación Primaria',949),(2017,40004993,'10400301','ESO','Educación Secundaria Obligatoria',950),(2017,40004993,'10800101','BCI','Bachillerato de Ciencias',951),(2017,40004993,'10800102','BHC','Bachillerato de Humanidades y Ciencias Sociales',952),(2017,40004993,'10800103','BRT','Bachillerato de Artes',953),(2017,40005110,'10200301','PRI','Educación Primaria',954),(2017,40005110,'10400301','ESO','Educación Secundaria Obligatoria',955),(2017,40005110,'10800101','BCI','Bachillerato de Ciencias',956),(2017,40005110,'10800102','BHC','Bachillerato de Humanidades y Ciencias Sociales',957),(2017,40005110,'10800103','BRT','Bachillerato de Artes',958),(2017,40005122,'10200301','PRI','Educación Primaria',959),(2017,40005122,'10400301','ESO','Educación Secundaria Obligatoria',960),(2017,40005122,'10800101','BCI','Bachillerato de Ciencias',961),(2017,40005122,'10800102','BHC','Bachillerato de Humanidades y Ciencias Sociales',962),(2017,40005122,'10800103','BRT','Bachillerato de Artes',963),(2017,40008342,'10200301','PRI','Educación Primaria',964),(2017,40008342,'10400301','ESO','Educación Secundaria Obligatoria',965),(2017,40008342,'10800101','BCI','Bachillerato de Ciencias',966),(2017,40008342,'10800102','BHC','Bachillerato de Humanidades y Ciencias Sociales',967),(2017,40008342,'10800103','BRT','Bachillerato de Artes',968),(2017,40008378,'10200301','PRI','Educación Primaria',969),(2017,40008378,'10400301','ESO','Educación Secundaria Obligatoria',970),(2017,40008378,'10800101','BCI','Bachillerato de Ciencias',971),(2017,40008378,'10800102','BHC','Bachillerato de Humanidades y Ciencias Sociales',972),(2017,40008378,'10800103','BRT','Bachillerato de Artes',973),(2017,47006961,'10200301','PRI','Educación Primaria',974),(2017,47006961,'10400301','ESO','Educación Secundaria Obligatoria',975),(2017,47006961,'10800101','BCI','Bachillerato de Ciencias',976),(2017,47006961,'10800102','BHC','Bachillerato de Humanidades y Ciencias Sociales',977),(2017,47006961,'10800103','BRT','Bachillerato de Artes',978),(2017,47006971,'10200301','PRI','Educación Primaria',979),(2017,47006971,'10400301','ESO','Educación Secundaria Obligatoria',980),(2017,47006971,'10800101','BCI','Bachillerato de Ciencias',981),(2017,47006971,'10800102','BHC','Bachillerato de Humanidades y Ciencias Sociales',982),(2017,47006971,'10800103','BRT','Bachillerato de Artes',983),(2017,47007148,'10200301','PRI','Educación Primaria',984),(2017,47007148,'10400301','ESO','Educación Secundaria Obligatoria',985),(2017,47007148,'10800101','BCI','Bachillerato de Ciencias',986),(2017,47007148,'10800102','BHC','Bachillerato de Humanidades y Ciencias Sociales',987),(2017,47007148,'10800103','BRT','Bachillerato de Artes',988),(2017,47007151,'10200301','PRI','Educación Primaria',989),(2017,47007151,'10400301','ESO','Educación Secundaria Obligatoria',990),(2017,47007151,'10800101','BCI','Bachillerato de Ciencias',991),(2017,47007151,'10800102','BHC','Bachillerato de Humanidades y Ciencias Sociales',992),(2017,47007151,'10800103','BRT','Bachillerato de Artes',993),(2017,47007161,'10200301','PRI','Educación Primaria',994),(2017,47007161,'10400301','ESO','Educación Secundaria Obligatoria',995),(2017,47007161,'10800101','BCI','Bachillerato de Ciencias',996),(2017,47007161,'10800102','BHC','Bachillerato de Humanidades y Ciencias Sociales',997),(2017,47007161,'10800103','BRT','Bachillerato de Artes',998),(2017,47007173,'10200301','PRI','Educación Primaria',999),(2017,47007173,'10400301','ESO','Educación Secundaria Obligatoria',1000),(2017,47007173,'10800101','BCI','Bachillerato de Ciencias',1001),(2017,47007173,'10800102','BHC','Bachillerato de Humanidades y Ciencias Sociales',1002),(2017,47007173,'10800103','BRT','Bachillerato de Artes',1003),(2017,47007203,'10200301','PRI','Educación Primaria',1004),(2017,47007203,'10400301','ESO','Educación Secundaria Obligatoria',1005),(2017,47007203,'10800101','BCI','Bachillerato de Ciencias',1006),(2017,47007203,'10800102','BHC','Bachillerato de Humanidades y Ciencias Sociales',1007),(2017,47007203,'10800103','BRT','Bachillerato de Artes',1008),(2017,47007215,'10200301','PRI','Educación Primaria',1009),(2017,47007215,'10400301','ESO','Educación Secundaria Obligatoria',1010),(2017,47007215,'10800101','BCI','Bachillerato de Ciencias',1011),(2017,47007215,'10800102','BHC','Bachillerato de Humanidades y Ciencias Sociales',1012),(2017,47007215,'10800103','BRT','Bachillerato de Artes',1013),(2017,47007227,'10200301','PRI','Educación Primaria',1014),(2017,47007227,'10400301','ESO','Educación Secundaria Obligatoria',1015),(2017,47007227,'10800101','BCI','Bachillerato de Ciencias',1016),(2017,47007227,'10800102','BHC','Bachillerato de Humanidades y Ciencias Sociales',1017),(2017,47007227,'10800103','BRT','Bachillerato de Artes',1018),(2017,47007239,'10200301','PRI','Educación Primaria',1019),(2017,47007239,'10400301','ESO','Educación Secundaria Obligatoria',1020),(2017,47007239,'10800101','BCI','Bachillerato de Ciencias',1021),(2017,47007239,'10800102','BHC','Bachillerato de Humanidades y Ciencias Sociales',1022),(2017,47007239,'10800103','BRT','Bachillerato de Artes',1023),(2017,47007252,'10200301','PRI','Educación Primaria',1024),(2017,47007252,'10400301','ESO','Educación Secundaria Obligatoria',1025),(2017,47007252,'10800101','BCI','Bachillerato de Ciencias',1026),(2017,47007252,'10800102','BHC','Bachillerato de Humanidades y Ciencias Sociales',1027),(2017,47007252,'10800103','BRT','Bachillerato de Artes',1028),(2017,47007264,'10200301','PRI','Educación Primaria',1029),(2017,47007264,'10400301','ESO','Educación Secundaria Obligatoria',1030),(2017,47007264,'10800101','BCI','Bachillerato de Ciencias',1031),(2017,47007264,'10800102','BHC','Bachillerato de Humanidades y Ciencias Sociales',1032),(2017,47007264,'10800103','BRT','Bachillerato de Artes',1033),(2017,47007321,'10200301','PRI','Educación Primaria',1034),(2017,47007321,'10400301','ESO','Educación Secundaria Obligatoria',1035),(2017,47007321,'10800101','BCI','Bachillerato de Ciencias',1036),(2017,47007321,'10800102','BHC','Bachillerato de Humanidades y Ciencias Sociales',1037),(2017,47007321,'10800103','BRT','Bachillerato de Artes',1038),(2017,47007380,'10200301','PRI','Educación Primaria',1039),(2017,47007380,'10400301','ESO','Educación Secundaria Obligatoria',1040),(2017,47007380,'10800101','BCI','Bachillerato de Ciencias',1041),(2017,47007380,'10800102','BHC','Bachillerato de Humanidades y Ciencias Sociales',1042),(2017,47007380,'10800103','BRT','Bachillerato de Artes',1043),(2017,47007409,'10200301','PRI','Educación Primaria',1044),(2017,47007409,'10400301','ESO','Educación Secundaria Obligatoria',1045),(2017,47007409,'10800101','BCI','Bachillerato de Ciencias',1046),(2017,47007409,'10800102','BHC','Bachillerato de Humanidades y Ciencias Sociales',1047),(2017,47007409,'10800103','BRT','Bachillerato de Artes',1048),(2017,47007410,'10200301','PRI','Educación Primaria',1049),(2017,47007410,'10400301','ESO','Educación Secundaria Obligatoria',1050),(2017,47007410,'10800101','BCI','Bachillerato de Ciencias',1051),(2017,47007410,'10800102','BHC','Bachillerato de Humanidades y Ciencias Sociales',1052),(2017,47007410,'10800103','BRT','Bachillerato de Artes',1053),(2017,47007422,'10200301','PRI','Educación Primaria',1054),(2017,47007422,'10400301','ESO','Educación Secundaria Obligatoria',1055),(2017,47007422,'10800101','BCI','Bachillerato de Ciencias',1056),(2017,47007422,'10800102','BHC','Bachillerato de Humanidades y Ciencias Sociales',1057),(2017,47007422,'10800103','BRT','Bachillerato de Artes',1058),(2017,47007458,'10200301','PRI','Educación Primaria',1059),(2017,47007458,'10400301','ESO','Educación Secundaria Obligatoria',1060),(2017,47007458,'10800101','BCI','Bachillerato de Ciencias',1061),(2017,47007458,'10800102','BHC','Bachillerato de Humanidades y Ciencias Sociales',1062),(2017,47007458,'10800103','BRT','Bachillerato de Artes',1063);
/*!40000 ALTER TABLE `CURS_ESTUDIOS` ENABLE KEYS */;
UNLOCK TABLES;

--
-- Table structure for table `CURS_LOCALIDADES`
--

DROP TABLE IF EXISTS `CURS_LOCALIDADES`;
/*!40101 SET @saved_cs_client     = @@character_set_client */;
/*!40101 SET character_set_client = utf8 */;
CREATE TABLE `CURS_LOCALIDADES` (
  `C_PROV_ID` decimal(2,0) NOT NULL,
  `C_MUNI_ID` decimal(3,0) NOT NULL,
  `C_LOCA_ID` decimal(4,0) NOT NULL,
  `D_LOCA` varchar(45) COLLATE utf8_spanish_ci DEFAULT NULL,
  `C_POSTAL` decimal(5,0) DEFAULT NULL,
  UNIQUE KEY `CURS_LOCA_PK` (`C_PROV_ID`,`C_MUNI_ID`,`C_LOCA_ID`),
  KEY `CURS_LOCA_CURS_MUNI_FK_I` (`C_PROV_ID`,`C_MUNI_ID`),
  KEY `CURS_LOCA_CPOSTAL_I` (`C_POSTAL`),
  KEY `CURS_LOCA_DLOCA_I` (`D_LOCA`)
) ENGINE=InnoDB DEFAULT CHARSET=utf8 COLLATE=utf8_spanish_ci;
/*!40101 SET character_set_client = @saved_cs_client */;

--
-- Dumping data for table `CURS_LOCALIDADES`
--

LOCK TABLES `CURS_LOCALIDADES` WRITE;
/*!40000 ALTER TABLE `CURS_LOCALIDADES` DISABLE KEYS */;
INSERT INTO `CURS_LOCALIDADES` VALUES (40,1,1,'ABADES',40141),(40,2,1,'ADRADA DE PIRON',40192),(40,3,1,'ADRADOS',40354),(40,4,1,'AGUILAFUENTE',40340),(40,5,1,'ALCONADA DE MADERUELO',40529),(40,5,2,'ALCONADILLA',40529),(40,6,1,'ALDEALCORVO',40389),(40,7,1,'CEGUILLA',40162),(40,7,2,'GALINDEZ',40162),(40,7,3,'MARTINCANO',40162),(40,8,1,'ALDEALENGUA DE SANTA MARIA',40555),(40,9,1,'ALDEANUEVA DE LA SERREZUELA',40532),(40,10,1,'ALDEANUEVA DEL CODONAL',40462),(40,12,1,'ALDEA REAL',40292),(40,13,1,'ALDEASOÑA',40235),(40,14,1,'ALDEHORNO',40533),(40,15,1,'ALDEHUELA DEL CODONAL',40462),(40,16,1,'ALDEONTE',40531),(40,16,2,'OLMILLO (EL)',40530),(40,17,1,'ANAYA',40121),(40,18,1,'AÑE',40492),(40,19,1,'ARAHUETES',40173),(40,19,2,'PAJARES DE PEDRAZA',40184),(40,20,1,'ARCONCILLOS',40164),(40,20,2,'ARCONES',40164),(40,20,3,'CASTILLEJO',40164),(40,21,1,'AREVALILLO DE CEGA',40185),(40,22,1,'ARMUÑA',40494),(40,22,2,'CARBONERO DE AHUSIN',NULL),(40,24,1,'AYLLON',NULL),(40,24,2,'ESTEBANVELA',40514),(40,24,3,'FRANCOS',40514),(40,25,1,'BARBOLLA',40530),(40,25,2,'OLMO (EL)',40530),(40,26,1,'BASARDILLA',40180),(40,28,1,'BERCIAL',40144),(40,29,1,'BERCIMUEL',40550),(40,30,1,'BERNARDOS',40430),(40,31,1,'BERNUY DE PORREROS',40190),(40,32,1,'ALDEANUEVA DEL CAMPANARIO',40568),(40,32,2,'BOCEGUILLAS',40560),(40,32,3,'TURRUBUELO',40560),(40,33,1,'BRIEVA',40180),(40,34,1,'CABALLAR',40182),(40,35,1,'CABAÑAS DE POLENDOS',40392),(40,35,2,'MATA DE QUINTANAR',40392),(40,36,1,'CABEZUELA',40396),(40,37,1,'CALABAZAS DE FUENTIDUEÑA',40356),(40,39,1,'CAMPO DE SAN PEDRO',40551),(40,39,2,'FUENTEMIZARRA',40552),(40,39,3,'VALDEVARNES',40553),(40,40,1,'ALDEONSANCHO',40380),(40,40,2,'CANTALEJO',40320),(40,40,3,'VALDESIMONTE',40389),(40,41,1,'CANTIMPALOS',40360),(40,43,1,'CARBONERO EL MAYOR',40270),(40,44,1,'BURGOMILLODO',40331),(40,44,2,'CARRASCAL DEL RIO',40331),(40,45,1,'CASLA',40590),(40,46,1,'CASTILLEJO DE MESLEON',40593),(40,46,2,'SOTO DE SEPULVEDA',40593),(40,47,1,'CASTRO DE FUENTIDUEÑA',40315),(40,48,1,'CASTROJIMENO',40315),(40,49,1,'CASTROSERNA DE ABAJO',40318),(40,51,1,'CASTROSERRACIN',40316),(40,52,1,'CEDILLO DE LA TORRE',40550),(40,53,1,'CEREZO DE ABAJO',40591),(40,53,2,'MANSILLA',40591),(40,54,1,'CEREZO DE ARRIBA',40592),(40,54,2,'PINILLA (LA)',40592),(40,55,1,'CILLERUELO DE SAN MAMES',40551),(40,56,1,'COBOS DE FUENTIDUEÑA',40332),(40,57,1,'CIRUELOS DE COCA',40496),(40,57,2,'COCA',40480),(40,57,3,'VILLAGONZALO DE COCA',40496),(40,58,1,'CODORNIZ',40463),(40,58,2,'MONTUENGA',40464),(40,59,1,'COLLADO HERMOSO',40170),(40,60,1,'NAVA (LA)',40318),(40,60,2,'TORRECILLA',40318),(40,60,3,'VALDESAZ',40318),(40,61,1,'CORRAL DE AYLLON',40529),(40,62,1,'CUBILLO',40185),(40,63,1,'ARROYO DE CUELLAR',40215),(40,63,2,'CAMPO DE CUELLAR',40242),(40,63,3,'CUELLAR',40200),(40,65,1,'CHAÑE',40216),(40,68,1,'DOMINGO GARCIA',40495),(40,69,1,'DONHIERRO',40469),(40,70,1,'CORTOS (LOS)',40312),(40,70,2,'DURUELO',40312),(40,71,1,'ENCINAS',40531),(40,72,1,'ENCINILLAS',40391),(40,73,1,'ESCALONA DEL PRADO',40350),(40,74,1,'ESCARABAJOSA DE CABEZAS',40291),(40,75,1,'ESCOBAR DE POLENDOS',40393),(40,75,2,'PARRAL DE VILLOVELA',40393),(40,75,3,'PEÑARRUBIAS DE PIRON',40393),(40,76,1,'ANGELES DE SAN RAFAEL (LOS)',40424),(40,76,2,'ESPINAR (EL)',40400),(40,76,3,'ESTACION DE EL ESPINAR',40400),(40,77,1,'ESPIRDO',40191),(40,77,2,'HIGUERA (LA)',40191),(40,77,3,'TIZNEROS',40191),(40,78,1,'FRESNEDA DE CUELLAR',40217),(40,79,1,'CASCAJARES',NULL),(40,79,2,'CASTILTIERRA',40518),(40,79,3,'CINCO VILLAS',40518),(40,80,1,'FRESNO DE LA FUENTE',40540),(40,81,1,'FRUMALES',40298),(40,82,1,'FUENTE DE SANTA CRUZ',40496),(40,83,1,'FUENTE EL OLMO DE FUENTIDUEÑA',40359),(40,84,1,'FUENTE EL OLMO DE ISCAR',40218),(40,86,1,'FUENTEPELAYO',40260),(40,87,1,'FUENTEPIÑEL',40358),(40,88,1,'FUENTERREBOLLO',40330),(40,89,2,'FUENTESAUCO DE FUENTIDUEÑA',40355),(40,91,1,'FUENTESOTO',40314),(40,91,2,'TEJARES',40314),(40,92,1,'FUENTIDUEÑA',40357),(40,93,1,'GALLEGOS',40162),(40,94,1,'GARCILLAN',40120),(40,95,1,'GOMEZSERRACIN',40240),(40,97,1,'GRAJERA',40569),(40,99,1,'HONRUBIA DE LA CUESTA',40541),(40,100,1,'HONTALBILLA',40353),(40,101,1,'ESTACION (LA)',40490),(40,101,2,'HONTANARES DE ERESMA',40490),(40,103,1,'HUERTOS (LOS)',40490),(40,104,1,'ITUERO Y LAMA',40151),(40,104,2,'CAMPING LA CERCA NUEVA',40151),(40,104,3,'URBANIZACION COTO DE SAN ISIDRO',40151),(40,105,1,'JUARROS DE RIOMOROS',40131),(40,106,1,'JUARROS DE VOLTOYA',40445),(40,107,1,'LABAJOS',40146),(40,108,1,'LAGUNA DE CONTRERAS',40236),(40,108,2,'VIVAR DE FUENTIDUEÑA',40236),(40,109,1,'LANGUILLA',40556),(40,109,2,'MAZAGATOS',40556),(40,110,1,'LASTRAS DE CUELLAR',40352),(40,111,1,'LASTRAS DEL POZO',40142),(40,111,2,'SAN PEDRO DE LAS DUEÑAS',40142),(40,112,1,'LASTRILLA (LA)',40196),(40,112,2,'MINA (LA)',NULL),(40,113,1,'ESTACION (LA)',NULL),(40,113,2,'LOSA (LA)',40420),(40,115,1,'MADERUELO',40554),(40,118,1,'MARAZUELA',40133),(40,119,1,'MARTIN MIGUEL',40130),(40,120,1,'MARTIN MUÑOZ DE LA DEHESA',40466),(40,121,1,'MARTIN MUÑOZ DE LAS POSADAS',40446),(40,122,1,'MARUGAN',40142),(40,122,2,'PINAR JARDIN',40142),(40,123,1,'CAÑICOSA',40163),(40,123,2,'MATABUENA',40163),(40,123,3,'MATAMALA',40163),(40,124,1,'MATA DE CUELLAR',40214),(40,125,1,'MATILLA (LA)',40175),(40,126,1,'MELQUE DE CERCOS',40444),(40,127,1,'MEMBIBRE DE LA HOZ',40234),(40,128,1,'MIGUELAÑEZ',40441),(40,129,1,'MONTEJO DE AREVALO',40468),(40,130,1,'MONTEJO DE LA VEGA DE LA SERREZUELA',40542),(40,131,1,'MONTERRUBIO',40142),(40,132,1,'MORAL DE HORNUEZ',40542),(40,134,1,'MOZONCILLO',40250),(40,135,1,'MOÑIBAS',40145),(40,135,2,'MUÑOPEDRO',40145),(40,135,3,'PEROMINGO',40145),(40,136,1,'MUÑOVEROS',40183),(40,138,1,'MORALEJA DE COCA',40461),(40,138,2,'NAVA DE LA ASUNCION',40450),(40,139,1,'NAVAFRIA',40161),(40,140,1,'NAVALILLA',40331),(40,141,1,'NAVALMANZANO',40280),(40,142,1,'NAVARES DE AYUSO',NULL),(40,143,1,'NAVARES DE ENMEDIO',40532),(40,144,1,'NAVARES DE LAS CUEVAS',40532),(40,145,1,'NAVAS DE ORO',40470),(40,146,1,'NAVAS DE SAN ANTONIO',40408),(40,148,1,'NIEVA',40447),(40,149,1,'MORALEJA DE CUELLAR',40233),(40,149,2,'OLOMBRADA',40220),(40,149,3,'VEGAFRIA',40220),(40,150,1,'ARENAL (EL)',40176),(40,150,2,'OREJANILLA',40176),(40,150,3,'REVILLA',40176),(40,151,1,'ORTIGOSA DE PESTAÑO',40495),(40,152,1,'ESTACION (LA)',40422),(40,152,2,'OTERO DE HERREROS',40422),(40,154,1,'PAJAREJOS',40567),(40,155,1,'PALAZUELOS DE ERESMA',40194),(40,155,2,'QUITAPESARES',40194),(40,155,3,'SAN CRISTOBAL DE SEGOVIA',40194),(40,156,1,'PEDRAZA',40172),(40,156,2,'RADES DE ABAJO',40172),(40,156,3,'VELILLA (LA)',40173),(40,157,1,'PELAYOS DEL ARROYO',40170),(40,157,2,'TENZUELA',40180),(40,158,1,'PEROSILLO',40354),(40,159,1,'PINAREJOS',40296),(40,160,1,'PINARNEGRILLO',40294),(40,161,1,'CARABIAS',40540),(40,161,2,'PRADALES',40540),(40,162,1,'CASTROSERNA DE ARRIBA',40318),(40,162,2,'PRADENA',40165),(40,163,1,'PUEBLA DE PEDRAZA',40184),(40,164,1,'RAPARIEGOS',40466),(40,165,1,'REBOLLO',40184),(40,166,1,'REMONDO',40216),(40,168,1,'RIAGUAS DE SAN BARTOLOME',40529),(40,170,1,'ALDEANUEVA DEL MONTE',40517),(40,170,2,'ALQUITE',40511),(40,170,3,'BARAHONA DE FRESNO',40517),(40,171,1,'RIBOTA',40513),(40,172,1,'RIOFRIO DE RIAZA',40515),(40,173,1,'RODA DE ERESMA',40290),(40,174,1,'CUEVAS DE PROVANCO',0),(40,174,2,'SACRAMENIA',40237),(40,176,1,'NARROS DE CUELLAR',40443),(40,176,2,'SAMBOAL',40442),(40,177,1,'SAN CRISTOBAL DE CUELLAR',40212),(40,178,1,'SAN CRISTOBAL DE LA VEGA',40465),(40,179,1,'SANCHONUÑO',40297),(40,180,1,'COBOS DE SEGOVIA',40144),(40,180,2,'ETREROS',40134),(40,181,1,'RIOFRIO',40420),(40,181,2,'SAN ILDEFONSO O LA GRANJA',40100),(40,181,3,'VALSAIN',40109),(40,182,1,'MUDRIAN',40295),(40,182,2,'SAN MARTIN',40295),(40,183,1,'SAN MIGUEL DE BERNUY',40332),(40,184,1,'REBOLLAR',40389),(40,184,2,'SAN PEDRO DE GAILLOS',40389),(40,185,1,'ARAGONESES',40123),(40,185,2,'BALISA',40449),(40,185,3,'HOYUELOS',40136),(40,186,1,'SANTA MARTA DEL CERRO',40310),(40,188,1,'CHAVIDA',NULL),(40,188,2,'MATA (LA)',40171),(40,188,3,'REQUIJADA',40173),(40,189,1,'BERNUY DE COCA',40460),(40,189,2,'SANTIUSTE DE SAN JUAN BAUTISTA',40460),(40,190,1,'SANTO DOMINGO DE PIRON',40180),(40,191,0,'SANTO TOME DEL PUERTO',40590),(40,191,1,'RADES (LA)',40590),(40,191,2,'ROSUERO',40590),(40,191,3,'SIGUERO',40590),(40,192,1,'SAUQUILLO DE CABEZAS',40351),(40,193,1,'SEBULCOR',NULL),(40,194,1,'FUENTEMILANOS',40153),(40,194,2,'HONTORIA',40195),(40,194,3,'MADRONA',40154),(40,195,1,'ALDEHUELAS DE SEPULVEDA',40311),(40,195,2,'CASTRILLO DE SEPULVEDA',40317),(40,195,3,'CONSUEGRA DE MURERA',NULL),(40,196,1,'SEQUERA DE FRESNO',40517),(40,198,1,'FRESNEDA DE SEPULVEDA',40311),(40,198,2,'SOTILLO',40311),(40,199,1,'SOTOSALBOS',40170),(40,200,1,'TABANERA LA LUENGA',40291),(40,201,1,'TOLOCIRIO',40467),(40,202,1,'TORREADRADA',40313),(40,203,1,'ALDEHUELA',40160),(40,203,2,'CABANILLAS DEL MONTE',40160),(40,203,3,'TORRE (LA)',40160),(40,204,1,'TORRECILLA DEL PINAR',40359),(40,205,1,'LOSANA DE PIRON',40192),(40,205,2,'OTONES DE BENJUMEA',40394),(40,205,3,'TORREIGLESIAS',40192),(40,206,1,'SALCEDA (LA)',40171),(40,206,2,'TORRE VAL DE SAN PEDRO',40171),(40,206,3,'VALLE DE SAN PEDRO',40171),(40,207,1,'SONSOTO',40194),(40,207,2,'TRESCASAS',40194),(40,207,3,'ATALAYA (LA)',40194),(40,208,1,'ALDEASAZ',40181),(40,208,2,'BERROCAL',40181),(40,208,3,'CARRASCAL',40181),(40,210,1,'URUEÑAS',40317),(40,211,1,'GUIJASALBAS',40423),(40,211,2,'VALDEPRADOS',40423),(40,212,1,'VALDEVACAS DE MONTEJO',40185),(40,213,1,'GUIJAR (EL)',40185),(40,213,2,'VALDEVACAS',40185),(40,214,1,'VALSECA',40390),(40,215,1,'PECHARROMAN',40238),(40,215,2,'SAN JOSE',40238),(40,215,3,'VALTIENDAS',40314),(40,216,1,'VALVERDE DEL MAJANO',40140),(40,218,1,'BARRIO DE ARRIBA',40331),(40,218,2,'VALLE DE TABLADILLO',40331),(40,219,1,'VALLELADO',40213),(40,220,1,'BERZAL',40174),(40,220,2,'TEJADILLA',40174),(40,220,3,'VALLERUELA DE PEDRAZA',40174),(40,221,1,'FUENTE (LA)',40176),(40,221,2,'VALLERUELA DE SEPULVEDA',40176),(40,222,1,'VEGANZONES',40395),(40,223,1,'VEGAS DE MATUTE',40423),(40,223,2,'ANGELES DE VEGAS DE MATUTE (LOS)',40423),(40,224,1,'CASAS ALTAS (LAS)',40165),(40,224,2,'TEJADILLA',40165),(40,224,3,'VENTOSILLA',40165),(40,225,1,'VILLACASTIN',40150),(40,228,1,'VILLAVERDE DE ISCAR',40219),(40,229,1,'VILLALVILLA DE MONTEJO',40541),(40,229,2,'VILLAVERDE DE MONTEJO',40542),(40,230,1,'VILLEGUILLO',40496),(40,231,1,'SAN PEDRO',40493),(40,231,2,'YANGUAS DE ERESMA',40493),(40,233,1,'ZARZUELA DEL MONTE',40152),(40,234,1,'ZARZUELA DEL PINAR',40293),(40,901,1,'ORTIGOSA DEL MONTE',40421),(40,902,1,'COZUELOS DE FUENTIDUEÑA',40354),(40,903,1,'MARAZOLEJA',40132),(40,904,1,'NAVAS DE RIOFRIO',40420),(40,905,1,'CUEVAS DE PROVANCO',40239),(40,906,1,'SAN CRISTOBAL DE SEGOVIA',40197),(40,906,2,'URBANIZACION EL TERRADILLO',40197),(40,906,3,'URBANIZACION MONTECORREDORES',40197),(47,1,1,'ADALIA',47129),(47,2,1,'AGUASAL',47418),(47,3,1,'AGUILAR DE CAMPOS',47814),(47,4,1,'ALAEJOS',47510),(47,5,1,'ALCAZAREN',47238),(47,6,1,'ALDEA DE SAN MIGUEL',47160),(47,7,1,'ALDEAMAYOR DE SAN MARTIN',NULL),(47,8,1,'ALMENARA DE ADAJA',47419),(47,9,1,'AMUSQUILLO',47177),(47,10,1,'ARROYO DE LA ENCOMIENDA',47195),(47,10,2,'FLECHA (LA)',0),(47,11,1,'ATAQUINES',47210),(47,12,1,'BAHABON',47312),(47,13,1,'BARCIAL DE LA LOMA',47674),(47,14,1,'BARRUELO DEL VALLE',47129),(47,15,1,'BECILLA DE VALDERADUEY',47670),(47,16,1,'BENAFARCES',47880),(47,17,1,'BERCERO',47115),(47,18,1,'BERCERUELO',47115),(47,19,1,'BERRUECES',47813),(47,20,1,'BOBADILLA DEL CAMPO',47462),(47,21,1,'BOCIGAS',47419),(47,22,1,'BOCOS DE DUERO',47317),(47,23,1,'BOECILLO',47151),(47,24,1,'BOLAÑOS DE CAMPOS',47675),(47,25,1,'BRAHOJOS DE MEDINA',47461),(47,26,1,'BUSTILLO DE CHAVES',47608),(47,26,2,'GORDALIZA DE LA LOMA',47608),(47,27,1,'CABEZON DE PISUERGA',47260),(47,27,2,'ESTACION (LA)',0),(47,28,1,'CABEZON DE VALDERADUEY',47689),(47,29,1,'CABREROS DEL MONTE',47832),(47,30,1,'CAMPASPERO',47310),(47,31,1,'CAMPILLO (EL)',47460),(47,32,1,'CAMPORREDONDO',47165),(47,33,1,'CANALEJAS DE PEÑAFIEL',47311),(47,34,1,'CANILLAS DE ESGUEVA',47185),(47,35,1,'CARPIO',47470),(47,36,1,'CASASOLA DE ARION',47110),(47,37,1,'CASTREJON DE TRABANCOS',47512),(47,38,1,'CASTRILLO DE DUERO',47318),(47,39,1,'CASTRILLO-TEJERIEGO',47329),(47,40,1,'CASTROBOL',47689),(47,41,1,'CASTRODEZA',47192),(47,42,1,'CASTROMEMBIBRE',47882),(47,43,1,'CASTROMONTE',47641),(47,43,2,'SANTA ESPINA (LA)',47641),(47,44,1,'CASTRONUEVO DE ESGUEVA',47171),(47,44,2,'ALAMOS (LOS)',0),(47,45,1,'CARTAGO',0),(47,45,2,'CASTRONUÑO',47520),(47,45,3,'CUBILLAS',47290),(47,46,1,'CASTROPONCE',47664),(47,47,1,'CASTROVERDE DE CERRATO',47182),(47,48,1,'CEINOS DE CAMPOS',47692),(47,49,1,'CERVILLEGO DE LA CRUZ',47494),(47,50,1,'CIGALES',47270),(47,51,1,'CIGUÑUELA',47191),(47,52,1,'CISTERNIGA',47193),(47,53,1,'COGECES DE ISCAR',47440),(47,54,1,'COGECES DEL MONTE',47313),(47,55,1,'AGUILAREJO',47281),(47,55,2,'CORCOS',47280),(47,56,1,'CORRALES DE DUERO',47317),(47,57,1,'CUBILLAS DE SANTA MARTA',47290),(47,57,2,'VEGALATORRE',47290),(47,58,1,'CUENCA DE CAMPOS',47650),(47,59,1,'CURIEL DE DUERO',47316),(47,60,1,'ENCINAS DE ESGUEVA',47186),(47,61,1,'ESGUEVILLAS DE ESGUEVA',47176),(47,62,1,'FOMBELLIDA',47184),(47,63,1,'FOMPEDRAZA',47311),(47,64,1,'FONTIHOYUELO',47609),(47,65,1,'FRESNO EL VIEJO',47480),(47,66,1,'FUENSALDAÑA',47194),(47,66,2,'MOLAR (EL)',47194),(47,67,1,'FUENTE EL SOL',47494),(47,68,1,'FUENTE-OLMEDO',47418),(47,69,1,'GALLEGOS DE HORNIJA',47134),(47,70,1,'GATON DE CAMPOS',47606),(47,71,1,'GERIA',47131),(47,71,2,'VENTAS DE GERIA',47131),(47,73,1,'HERRIN DE CAMPOS',47607),(47,74,1,'HORNILLOS DE ERESMA',47238),(47,74,2,'LUZ (LA)',47238),(47,75,1,'ISCAR',47420),(47,76,1,'CORALA (LA)',47169),(47,76,2,'HIBRIDOS AMERICANOS',0),(47,76,3,'LAGUNA DE DUERO',NULL),(47,77,1,'LANGAYO',47314),(47,78,1,'LOMOVIEJO',47494),(47,79,1,'LLANO DE OLMEDO',47418),(47,80,1,'MANZANILLO',47314),(47,81,1,'MARZALES',47133),(47,82,1,'MATAPOZUELOS',NULL),(47,82,2,'VILLALBA DE ADAJA',47238),(47,83,1,'MATILLA DE LOS CAÑOS',47114),(47,84,1,'MAYORGA',47680),(47,84,2,'SAN LLORENTE',47680),(47,84,3,'VILLALOGAN',47680),(47,85,1,'GOMEZNARRO',NULL),(47,85,2,'MEDINA DEL CAMPO',47400),(47,85,3,'RODILANA',47492),(47,86,1,'MEDINA DE RIOSECO',47800),(47,86,2,'MONTE TOROZOS',47800),(47,86,3,'PALACIOS DE CAMPOS',47816),(47,87,1,'MEGECES',47440),(47,88,1,'MELGAR DE ABAJO',47687),(47,89,1,'MELGAR DE ARRIBA',47686),(47,90,1,'FUENTES (LAS)',0),(47,90,2,'MOJADOS',47250),(47,91,1,'MONASTERIO DE VEGA',47688),(47,92,1,'MONTEALEGRE DE CAMPOS',NULL),(47,93,1,'MONTEMAYOR DE PILILLA',47320),(47,94,1,'MORAL DE LA REINA',47691),(47,95,1,'MORALEJA DE LAS PANADERAS',47454),(47,96,1,'MORALES DE CAMPOS',47811),(47,97,1,'MOTA DEL MARQUES',47120),(47,98,1,'MUCIENTES',47194),(47,99,1,'MUDARRA (LA)',47630),(47,100,1,'MURIEL DE ZAPARDIEL',47219),(47,101,1,'NAVA DEL REY',47500),(47,102,1,'NUEVA VILLA DE LAS TORRES',47464),(47,103,1,'OLIVARES DE DUERO',47359),(47,104,1,'CALABAZAS',47451),(47,104,2,'OLMEDO',47410),(47,105,1,'OLMOS DE ESGUEVA',47173),(47,106,1,'OLMOS DE PEÑAFIEL',47318),(47,109,1,'PALAZUELO DE VEDIJA',47812),(47,110,1,'PARRILLA (LA)',47328),(47,111,1,'CARDIEL (EL)',47196),(47,111,2,'PEDRAJA DE PORTILLO (LA)',47196),(47,112,1,'PEDRAJAS DE SAN ESTEBAN',47430),(47,113,1,'PEDROSA DEL REY',47112),(47,113,2,'VILLAESTERES (LOS)',47112),(47,114,1,'ALDEAYUSO',47313),(47,114,2,'MELIDA',47318),(47,114,3,'PADILLA DE DUERO',NULL),(47,115,1,'PEÑAFLOR DE HORNIJA',47640),(47,116,2,'PESQUERA DE DUERO',47315),(47,117,1,'PIÑA DE ESGUEVA',47175),(47,118,1,'PIÑEL DE ABAJO',47316),(47,119,1,'PIÑEL DE ARRIBA',47316),(47,121,1,'HERREROS',0),(47,121,2,'POLLOS',47116),(47,121,3,'VENTA DE POLLOS',0),(47,122,1,'ARRABAL DE PORTILLO',47160),(47,122,2,'PORTILLO',47160),(47,123,1,'POZAL DE GALLINAS',47450),(47,124,1,'POZALDEZ',47220),(47,125,1,'POZUELO DE LA ORDEN',47831),(47,126,1,'PURAS',47419),(47,127,1,'QUINTANILLA DE ARRIBA',47360),(47,128,1,'QUINTANILLA DEL MOLAR',47673),(47,129,1,'QUINTANILLA DE ONESIMO',47350),(47,130,1,'QUINTANILLA DE TRIGUEROS',47283),(47,131,1,'RABANO',47319),(47,132,1,'RAMIRO',47453),(47,133,1,'RENEDO DE ESGUEVA',47170),(47,134,1,'ROALES DE CAMPOS',47673),(47,135,1,'ROBLADILLO',47131),(47,137,1,'ROTURAS',47316),(47,138,1,'RUBI DE BRACAMONTE',47494),(47,139,1,'FONCASTIN',47492),(47,139,2,'RUEDA',47490),(47,139,3,'TORRECILLA DEL VALLE',47509),(47,140,1,'SAELICES DE MAYORGA',47689),(47,141,1,'HONCALADA',47219),(47,141,2,'SALVADOR DE ZAPARDIEL',47219),(47,142,1,'SAN CEBRIAN DE MAZOTE',47129),(47,143,1,'SAN LLORENTE',47317),(47,144,1,'SAN MARTIN DE VALVENI',47209),(47,145,1,'SAN MIGUEL DEL ARROYO',47164),(47,145,2,'SANTIAGO DEL ARROYO',47164),(47,146,1,'SAN MIGUEL DEL PINO',47132),(47,147,1,'HONQUILANA',0),(47,147,2,'SAN PABLO DE LA MORALEJA',47219),(47,148,1,'SAN PEDRO DE LATARCE',47851),(47,149,1,'SAN PELAYO',47129),(47,150,1,'SAN ROMAN DE HORNIJA',47530),(47,151,1,'SAN SALVADOR',47134),(47,152,1,'SANTA EUFEMIA DEL ARROYO',47811),(47,153,1,'SANTERVAS DE CAMPOS',47609),(47,153,2,'VILLACRECES',47609),(47,153,3,'ZORITA DE LA LOMA',47609),(47,154,1,'SANTIBAÑEZ DE VALCORBA',NULL),(47,155,1,'SANTOVENIA DE PISUERGA',47155),(47,156,1,'SAN VICENTE DEL PALACIO',47493),(47,157,1,'RETUERTA',47340),(47,157,2,'SARDON DE DUERO',47340),(47,157,3,'SARDONCILLO O LA GRANJA',47340),(47,158,1,'SECA (LA)',47491),(47,159,1,'SERRADA',47239),(47,160,1,'SIETE IGLESIAS DE TRABANCOS',47511),(47,161,1,'SIMANCAS',47130),(47,161,2,'PESQUERUELA',0),(47,161,3,'PINAR DE SIMANCAS',0),(47,162,1,'TAMARIZ DE CAMPOS',47815),(47,163,1,'POBLADURA DE SOTIEDRA',47870),(47,163,2,'TIEDRA',47870),(47,164,1,'TORDEHUMOS',47830),(47,165,1,'LLANOS DE LA PEÑA (LOS)',NULL),(47,165,2,'MONTICO (EL)',0),(47,165,3,'PEDROSO DE LA ABADESA',47132),(47,166,1,'TORRECILLA DE LA ABADESA',47114),(47,167,1,'TORRECILLA DE LA ORDEN',47513),(47,168,1,'TORRECILLA DE LA TORRE',47129),(47,169,1,'TORRE DE ESGUEVA',47183),(47,170,1,'MOLPECERES',NULL),(47,170,2,'TORRE DE PEÑAFIEL',47319),(47,171,1,'MONTE DE SAN LORENZO',0),(47,171,2,'TORRELOBATON',47134),(47,172,1,'ALDEALBAR',47313),(47,172,2,'TORRESCARCELA',47313),(47,173,1,'TRASPINEDO',47330),(47,174,1,'TRIGUEROS DEL VALLE',47282),(47,175,1,'HERRERA DE DUERO',NULL),(47,175,2,'OTERO (EL)',47169),(47,175,3,'TUDELA DE DUERO',47320),(47,176,1,'UNION DE CAMPOS (LA)',47670),(47,177,1,'URONES DE CASTROPONCE',47671),(47,178,1,'URUEÑA',47862),(47,179,1,'JARAMIELES (LOS)',47359),(47,179,2,'SAN BERNARDO',47359),(47,179,3,'VALBUENA DE DUERO',47359),(47,180,1,'VALDEARCOS DE LA VEGA',47317),(47,181,1,'VALDENEBRO DE LOS VALLES',47816),(47,182,1,'VALDESTILLAS',47240),(47,182,2,'NEGRALADA (LA)',47240),(47,183,1,'VALDUNQUILLO',47672),(47,184,1,'GRANJA MUEDRA',47200),(47,184,2,'VALORIA LA BUENA',47200),(47,185,1,'VALVERDE DE CAMPOS',47690),(47,186,1,'NAVABUENA',NULL),(47,186,2,'OVERUELA (LA)',NULL),(47,186,3,'PINAR DE ANTEQUERA',NULL),(47,187,1,'VEGA DE RUIPONCE',47609),(47,188,1,'VEGA DE VALDETRONCO',47133),(47,189,1,'VELASCALVARO',47463),(47,190,1,'VELILLA',47114),(47,191,1,'VELLIZA',47131),(47,192,1,'VENTOSA DE LA CUESTA',47239),(47,193,1,'VIANA DE CEGA',47150),(47,194,1,'VILORIA',47166),(47,195,1,'VILLABAÑEZ',47329),(47,196,1,'VILLABARUZ DE CAMPOS',47815),(47,197,1,'VILLABRAGIMA',47820),(47,197,2,'VILLAESPER',47820),(47,198,1,'VILLACARRALON',47609),(47,199,1,'VILLACID DE CAMPOS',47607),(47,200,1,'VILLACO',47181),(47,203,1,'VILLAFRADES DE CAMPOS',47606),(47,204,1,'VILLAFRANCA DE DUERO',47529),(47,205,1,'VILLAFRECHOS',47810),(47,206,1,'VILLAFUERTE',47180),(47,207,1,'VILLAGARCIA DE CAMPOS',47840),(47,208,1,'VILLAGOMEZ LA NUEVA',47608),(47,209,1,'VILLALAN DE CAMPOS',47675),(47,210,1,'VILLALAR DE LOS COMUNEROS',47111),(47,211,1,'VILLALBA DE LA LOMA',47689),(47,212,1,'CARRASCALEJO (EL)',0),(47,212,2,'CORTAS DE BLAS (LAS)',0),(47,212,3,'ESPERANZA (LA)',0),(47,213,1,'VILLALBARBA',47113),(47,214,1,'VILLALON DE CAMPOS',47600),(47,215,1,'VILLAMURIEL DE CAMPOS',47814),(47,216,1,'VILLAN DE TORDESILLAS',47131),(47,217,1,'AEROPUERTO',47620),(47,217,2,'VILLANUBLA',47620),(47,218,1,'ANIAGO',47239),(47,218,2,'VILLANUEVA DE DUERO',47239),(47,219,1,'VILLANUEVA DE LA CONDESA',47608),(47,220,1,'VILLANUEVA DE LOS CABALLEROS',47850),(47,221,1,'VILLANUEVA DE LOS INFANTES',47174),(47,222,1,'VILLANUEVA DE SAN MANCIO',47813),(47,223,1,'VILLARDEFRADES',47860),(47,224,1,'VILLARMENTERO DE ESGUEVA',47172),(47,225,1,'VILLASEXMIR',47134),(47,226,1,'VILLAVAQUERIN',47329),(47,227,1,'VILLAVELLID',47883),(47,228,1,'VILLAVERDE DE MEDINA',47465),(47,229,1,'VILLAVICENCIO DE LOS CABALLEROS',47676),(47,230,1,'WAMBA',47190),(47,231,1,'ZARATAN',47610),(47,232,1,'ZARZA (LA)',47452);
/*!40000 ALTER TABLE `CURS_LOCALIDADES` ENABLE KEYS */;
UNLOCK TABLES;

--
-- Table structure for table `CURS_MUNICIPIOS`
--

DROP TABLE IF EXISTS `CURS_MUNICIPIOS`;
/*!40101 SET @saved_cs_client     = @@character_set_client */;
/*!40101 SET character_set_client = utf8 */;
CREATE TABLE `CURS_MUNICIPIOS` (
  `C_PROV_ID` decimal(2,0) NOT NULL,
  `C_MUNI_ID` decimal(3,0) NOT NULL,
  `D_MUNI` varchar(45) COLLATE utf8_spanish_ci NOT NULL,
  UNIQUE KEY `CURS_MUNI_PK` (`C_MUNI_ID`,`C_PROV_ID`),
  KEY `CURS_MUNI_CURS_PROV_FK_I` (`C_PROV_ID`)
) ENGINE=InnoDB DEFAULT CHARSET=utf8 COLLATE=utf8_spanish_ci;
/*!40101 SET character_set_client = @saved_cs_client */;

--
-- Dumping data for table `CURS_MUNICIPIOS`
--

LOCK TABLES `CURS_MUNICIPIOS` WRITE;
/*!40000 ALTER TABLE `CURS_MUNICIPIOS` DISABLE KEYS */;
INSERT INTO `CURS_MUNICIPIOS` VALUES (40,1,'ABADES'),(47,1,'ADALIA'),(40,2,'ADRADA DE PIRON'),(47,2,'AGUASAL'),(40,3,'ADRADOS'),(47,3,'AGUILAR DE CAMPOS'),(40,4,'AGUILAFUENTE'),(47,4,'ALAEJOS'),(40,5,'ALCONADA DE MADERUELO'),(47,5,'ALCAZAREN'),(40,6,'ALDEALCORVO'),(47,6,'ALDEA DE SAN MIGUEL'),(40,7,'ALDEALENGUA DE PEDRAZA'),(47,7,'ALDEAMAYOR DE SAN MARTIN'),(40,8,'ALDEALENGUA DE SANTA MARIA'),(47,8,'ALMENARA DE ADAJA'),(40,9,'ALDEANUEVA DE LA SERREZUELA'),(47,9,'AMUSQUILLO'),(40,10,'ALDEANUEVA DEL CODONAL'),(47,10,'ARROYO DE LA ENCOMIENDA'),(47,11,'ATAQUINES'),(40,12,'ALDEA REAL'),(47,12,'BAHABON'),(40,13,'ALDEASOÑA'),(47,13,'BARCIAL DE LA LOMA'),(40,14,'ALDEHORNO'),(47,14,'BARRUELO DEL VALLE'),(40,15,'ALDEHUELA DEL CODONAL'),(47,15,'BECILLA DE VALDERADUEY'),(40,16,'ALDEONTE'),(47,16,'BENAFARCES'),(40,17,'ANAYA'),(47,17,'BERCERO'),(40,18,'AÑE'),(47,18,'BERCERUELO'),(40,19,'ARAHUETES'),(47,19,'BERRUECES'),(40,20,'ARCONES'),(47,20,'BOBADILLA DEL CAMPO'),(40,21,'AREVALILLO DE CEGA'),(47,21,'BOCIGAS'),(40,22,'ARMUÑA'),(47,22,'BOCOS DE DUERO'),(47,23,'BOECILLO'),(40,24,'AYLLON'),(47,24,'BOLAÑOS DE CAMPOS'),(40,25,'BARBOLLA'),(47,25,'BRAHOJOS DE MEDINA'),(40,26,'BASARDILLA'),(47,26,'BUSTILLO DE CHAVES'),(47,27,'CABEZON DE PISUERGA'),(40,28,'BERCIAL'),(47,28,'CABEZON DE VALDERADUEY'),(40,29,'BERCIMUEL'),(47,29,'CABREROS DEL MONTE'),(40,30,'BERNARDOS'),(47,30,'CAMPASPERO'),(40,31,'BERNUY DE PORREROS'),(47,31,'CAMPILLO (EL)'),(40,32,'BOCEGUILLAS'),(47,32,'CAMPORREDONDO'),(40,33,'BRIEVA'),(47,33,'CANALEJAS DE PEÑAFIEL'),(40,34,'CABALLAR'),(47,34,'CANILLAS DE ESGUEVA'),(40,35,'CABAÑAS DE POLENDOS'),(47,35,'CARPIO'),(40,36,'CABEZUELA'),(47,36,'CASASOLA DE ARION'),(40,37,'CALABAZAS DE FUENTIDUEÑA'),(47,37,'CASTREJON DE TRABANCOS'),(47,38,'CASTRILLO DE DUERO'),(40,39,'CAMPO DE SAN PEDRO'),(47,39,'CASTRILLO-TEJERIEGO'),(40,40,'CANTALEJO'),(47,40,'CASTROBOL'),(40,41,'CANTIMPALOS'),(47,41,'CASTRODEZA'),(47,42,'CASTROMEMBIBRE'),(40,43,'CARBONERO EL MAYOR'),(47,43,'CASTROMONTE'),(40,44,'CARRASCAL DEL RIO'),(47,44,'CASTRONUEVO DE ESGUEVA'),(40,45,'CASLA'),(47,45,'CASTRONUÑO'),(40,46,'CASTILLEJO DE MESLEON'),(47,46,'CASTROPONCE'),(40,47,'CASTRO DE FUENTIDUEÑA'),(47,47,'CASTROVERDE DE CERRATO'),(40,48,'CASTROJIMENO'),(47,48,'CEINOS DE CAMPOS'),(40,49,'CASTROSERNA DE ABAJO'),(47,49,'CERVILLEGO DE LA CRUZ'),(47,50,'CIGALES'),(40,51,'CASTROSERRACIN'),(47,51,'CIGUÑUELA'),(40,52,'CEDILLO DE LA TORRE'),(47,52,'CISTERNIGA'),(40,53,'CEREZO DE ABAJO'),(47,53,'COGECES DE ISCAR'),(40,54,'CEREZO DE ARRIBA'),(47,54,'COGECES DEL MONTE'),(40,55,'CILLERUELO DE SAN MAMES'),(47,55,'CORCOS'),(40,56,'COBOS DE FUENTIDUEÑA'),(47,56,'CORRALES DE DUERO'),(40,57,'COCA'),(47,57,'CUBILLAS DE SANTA MARTA'),(40,58,'CODORNIZ'),(47,58,'CUENCA DE CAMPOS'),(40,59,'COLLADO HERMOSO'),(47,59,'CURIEL DE DUERO'),(40,60,'CONDADO DE CASTILNOVO'),(47,60,'ENCINAS DE ESGUEVA'),(40,61,'CORRAL DE AYLLON'),(47,61,'ESGUEVILLAS DE ESGUEVA'),(40,62,'CUBILLO'),(47,62,'FOMBELLIDA'),(40,63,'CUELLAR'),(47,63,'FOMPEDRAZA'),(47,64,'FONTIHOYUELO'),(40,65,'CHAÑE'),(47,65,'FRESNO EL VIEJO'),(47,66,'FUENSALDAÑA'),(47,67,'FUENTE EL SOL'),(40,68,'DOMINGO GARCIA'),(47,68,'FUENTE-OLMEDO'),(40,69,'DONHIERRO'),(47,69,'GALLEGOS DE HORNIJA'),(40,70,'DURUELO'),(47,70,'GATON DE CAMPOS'),(40,71,'ENCINAS'),(47,71,'GERIA'),(40,72,'ENCINILLAS'),(40,73,'ESCALONA DEL PRADO'),(47,73,'HERRIN DE CAMPOS'),(40,74,'ESCARABAJOSA DE CABEZAS'),(47,74,'HORNILLOS DE ERESMA'),(40,75,'ESCOBAR DE POLENDOS'),(47,75,'ISCAR'),(40,76,'ESPINAR (EL)'),(47,76,'LAGUNA DE DUERO'),(40,77,'ESPIRDO'),(47,77,'LANGAYO'),(40,78,'FRESNEDA DE CUELLAR'),(47,78,'LOMOVIEJO'),(40,79,'FRESNO DE CANTESPINO'),(47,79,'LLANO DE OLMEDO'),(40,80,'FRESNO DE LA FUENTE'),(47,80,'MANZANILLO'),(40,81,'FRUMALES'),(47,81,'MARZALES'),(40,82,'FUENTE DE SANTA CRUZ'),(47,82,'MATAPOZUELOS'),(40,83,'FUENTE EL OLMO DE FUENTIDUEÑA'),(47,83,'MATILLA DE LOS CAÑOS'),(40,84,'FUENTE EL OLMO DE ISCAR'),(47,84,'MAYORGA'),(47,85,'MEDINA DEL CAMPO'),(40,86,'FUENTEPELAYO'),(47,86,'MEDINA DE RIOSECO'),(40,87,'FUENTEPIÑEL'),(47,87,'MEGECES'),(40,88,'FUENTERREBOLLO'),(47,88,'MELGAR DE ABAJO'),(40,89,'FUENTESAUCO DE FUENTIDUEÑA'),(47,89,'MELGAR DE ARRIBA'),(47,90,'MOJADOS'),(40,91,'FUENTESOTO'),(47,91,'MONASTERIO DE VEGA'),(40,92,'FUENTIDUEÑA'),(47,92,'MONTEALEGRE DE CAMPOS'),(40,93,'GALLEGOS'),(47,93,'MONTEMAYOR DE PILILLA'),(40,94,'GARCILLAN'),(47,94,'MORAL DE LA REINA'),(40,95,'GOMEZSERRACIN'),(47,95,'MORALEJA DE LAS PANADERAS'),(47,96,'MORALES DE CAMPOS'),(40,97,'GRAJERA'),(47,97,'MOTA DEL MARQUES'),(47,98,'MUCIENTES'),(40,99,'HONRUBIA DE LA CUESTA'),(47,99,'MUDARRA (LA)'),(40,100,'HONTALBILLA'),(47,100,'MURIEL'),(40,101,'HONTANARES DE ERESMA'),(47,101,'NAVA DEL REY'),(47,102,'NUEVA VILLA DE LAS TORRES'),(40,103,'HUERTOS (LOS)'),(47,103,'OLIVARES DE DUERO'),(40,104,'ITUERO Y LAMA'),(47,104,'OLMEDO'),(40,105,'JUARROS DE RIOMOROS'),(47,105,'OLMOS DE ESGUEVA'),(40,106,'JUARROS DE VOLTOYA'),(47,106,'OLMOS DE PEÑAFIEL'),(40,107,'LABAJOS'),(40,108,'LAGUNA DE CONTRERAS'),(40,109,'LANGUILLA'),(47,109,'PALAZUELO DE VEDIJA'),(40,110,'LASTRAS DE CUELLAR'),(47,110,'PARRILLA (LA)'),(40,111,'LASTRAS DEL POZO'),(47,111,'PEDRAJA DE PORTILLO (LA)'),(40,112,'LASTRILLA (LA)'),(47,112,'PEDRAJAS DE SAN ESTEBAN'),(40,113,'LOSA (LA)'),(47,113,'PEDROSA DEL REY'),(47,114,'PEÑAFIEL'),(40,115,'MADERUELO'),(47,115,'PEÑAFLOR DE HORNIJA'),(47,116,'PESQUERA DE DUERO'),(47,117,'PIÑA DE ESGUEVA'),(40,118,'MARAZUELA'),(47,118,'PIÑEL DE ABAJO'),(40,119,'MARTIN MIGUEL'),(47,119,'PIÑEL DE ARRIBA'),(40,120,'MARTIN MUÑOZ DE LA DEHESA'),(40,121,'MARTIN MUÑOZ DE LAS POSADAS'),(47,121,'POLLOS'),(40,122,'MARUGAN'),(47,122,'PORTILLO'),(40,123,'MATABUENA'),(47,123,'POZAL DE GALLINAS'),(40,124,'MATA DE CUELLAR'),(47,124,'POZALDEZ'),(40,125,'MATILLA (LA)'),(47,125,'POZUELO DE LA ORDEN'),(40,126,'MELQUE DE CERCOS'),(47,126,'PURAS'),(40,127,'MEMBIBRE DE LA HOZ'),(47,127,'QUINTANILLA DE ARRIBA'),(40,128,'MIGUELAÑEZ'),(47,128,'QUINTANILLA DEL MOLAR'),(40,129,'MONTEJO DE AREVALO'),(47,129,'QUINTANILLA DE ONESIMO'),(40,130,'MONTEJO DE LA VEGA DE LA SERREZUELA'),(47,130,'QUINTANILLA DE TRIGUEROS'),(40,131,'MONTERRUBIO'),(47,131,'RABANO'),(40,132,'MORAL DE HORNUEZ'),(47,132,'RAMIRO'),(47,133,'RENEDO DE ESGUEVA'),(40,134,'MOZONCILLO'),(47,134,'ROALES DE CAMPOS'),(40,135,'MUÑOPEDRO'),(47,135,'ROBLADILLO'),(40,136,'MUÑOVEROS'),(47,137,'ROTURAS'),(40,138,'NAVA DE LA ASUNCION'),(47,138,'RUBI DE BRACAMONTE'),(40,139,'NAVAFRIA'),(47,139,'RUEDA'),(40,140,'NAVALILLA'),(47,140,'SAELICES DE MAYORGA'),(40,141,'NAVALMANZANO'),(47,141,'SALVADOR DE ZAPARDIEL'),(40,142,'NAVARES DE AYUSO'),(47,142,'SAN CEBRIAN DE MAZOTE'),(40,143,'NAVARES DE ENMEDIO'),(47,143,'SAN LLORENTE'),(40,144,'NAVARES DE LAS CUEVAS'),(47,144,'SAN MARTIN DE VALVENI'),(40,145,'NAVAS DE ORO'),(47,145,'SAN MIGUEL DEL ARROYO'),(40,146,'NAVAS DE SAN ANTONIO'),(47,146,'SAN MIGUEL DEL PINO'),(47,147,'SAN PABLO DE LA MORALEJA'),(40,148,'NIEVA'),(47,148,'SAN PEDRO DE LATARCE'),(40,149,'OLOMBRADA'),(47,149,'SAN PELAYO'),(40,150,'OREJANA'),(47,150,'SAN ROMAN DE HORNIJA'),(40,151,'ORTIGOSA DE PESTAÑO'),(47,151,'SAN SALVADOR'),(40,152,'OTERO DE HERREROS'),(47,152,'SANTA EUFEMIA DEL ARROYO'),(47,153,'SANTERVAS DE CAMPOS'),(40,154,'PAJAREJOS'),(47,154,'SANTIBAÑEZ DE VALCORBA'),(40,155,'PALAZUELOS DE ERESMA'),(47,155,'SANTOVENIA DE PISUERGA'),(40,156,'PEDRAZA'),(47,156,'SAN VICENTE DEL PALACIO'),(40,157,'PELAYOS DEL ARROYO'),(47,157,'SARDON DE DUERO'),(40,158,'PEROSILLO'),(47,158,'SECA (LA)'),(40,159,'PINAREJOS'),(47,159,'SERRADA'),(40,160,'PINARNEGRILLO'),(47,160,'SIETE IGLESIAS DE TRABANCOS'),(40,161,'CARABIAS'),(47,161,'SIMANCAS'),(40,162,'PRADENA'),(47,162,'TAMARIZ DE CAMPOS'),(40,163,'PUEBLA DE PEDRAZA'),(47,163,'TIEDRA'),(40,164,'RAPARIEGOS'),(47,164,'TORDEHUMOS'),(40,165,'REBOLLO'),(47,165,'TORDESILLAS'),(40,166,'REMONDO'),(47,166,'TORRECILLA DE LA ABADESA'),(47,167,'TORRECILLA DE LA ORDEN'),(40,168,'RIAGUAS DE SAN BARTOLOME'),(47,168,'TORRECILLA DE LA TORRE'),(47,169,'TORRE DE ESGUEVA'),(40,170,'RIAZA'),(47,170,'TORRE DE PEÑAFIEL'),(40,171,'RIBOTA'),(47,171,'TORRELOBATON'),(40,172,'RIOFRIO DE RIAZA'),(47,172,'TORRESCARCELA'),(40,173,'RODA DE ERESMA'),(47,173,'TRASPINEDO'),(40,174,'SACRAMENIA'),(47,174,'TRIGUEROS DEL VALLE'),(47,175,'TUDELA DE DUERO'),(40,176,'SAMBOAL'),(47,176,'UNION DE CAMPOS (LA)'),(40,177,'SAN CRISTOBAL DE CUELLAR'),(47,177,'URONES DE CASTROPONCE'),(40,178,'SAN CRISTOBAL DE LA VEGA'),(47,178,'URUEÑA'),(40,179,'SANCHONUÑO'),(47,179,'VALBUENA DE DUERO'),(40,180,'SANGARCIA'),(47,180,'VALDEARCOS DE LA VEGA'),(40,181,'REAL SITIO DE SAN ILDEFONSO'),(47,181,'VALDENEBRO DE LOS VALLES'),(40,182,'SAN MARTIN Y MUDRIAN'),(47,182,'VALDESTILLAS'),(40,183,'SAN MIGUEL DE BERNUY'),(47,183,'VALDUNQUILLO'),(40,184,'SAN PEDRO DE GAILLOS'),(47,184,'VALORIA LA BUENA'),(40,185,'SANTA MARIA LA REAL DE NIEVA'),(47,185,'VALVERDE DE CAMPOS'),(40,186,'SANTA MARTA DEL CERRO'),(47,186,'VALLADOLID'),(47,187,'VEGA DE RUIPONCE'),(40,188,'SANTIUSTE DE PEDRAZA'),(47,188,'VEGA DE VALDETRONCO'),(40,189,'SANTIUSTE DE SAN JUAN BAUTISTA'),(47,189,'VELASCALVARO'),(40,190,'SANTO DOMINGO DE PIRON'),(47,190,'VELILLA'),(40,191,'SANTO TOME DEL PUERTO'),(47,191,'VELLIZA'),(40,192,'SAUQUILLO DE CABEZAS'),(47,192,'VENTOSA DE LA CUESTA'),(40,193,'SEBULCOR'),(47,193,'VIANA DE CEGA'),(40,194,'SEGOVIA'),(47,194,'VILORIA'),(40,195,'SEPULVEDA'),(47,195,'VILLABAÑEZ'),(40,196,'SEQUERA DE FRESNO'),(47,196,'VILLABARUZ DE CAMPOS'),(47,197,'VILLABRAGIMA'),(40,198,'SOTILLO'),(47,198,'VILLACARRALON'),(40,199,'SOTOSALBOS'),(47,199,'VILLACID DE CAMPOS'),(40,200,'TABANERA LA LUENGA'),(47,200,'VILLACO'),(40,201,'TOLOCIRIO'),(40,202,'TORREADRADA'),(40,203,'TORRECABALLEROS'),(47,203,'VILLAFRADES DE CAMPOS'),(40,204,'TORRECILLA DEL PINAR'),(47,204,'VILLAFRANCA DE DUERO'),(40,205,'TORREIGLESIAS'),(47,205,'VILLAFRECHOS'),(40,206,'TORRE VAL DE SAN PEDRO'),(47,206,'VILLAFUERTE'),(40,207,'TRESCASAS'),(47,207,'VILLAGARCIA DE CAMPOS'),(40,208,'TUREGANO'),(47,208,'VILLAGOMEZ LA NUEVA'),(47,209,'VILLALAN DE CAMPOS'),(40,210,'URUEÑAS'),(47,210,'VILLALAR DE LOS COMUNEROS'),(40,211,'VALDEPRADOS'),(47,211,'VILLALBA DE LA LOMA'),(40,212,'VALDEVACAS DE MONTEJO'),(47,212,'VILLALBA DE LOS ALCORES'),(40,213,'VALDEVACAS Y GUIJAR'),(47,213,'VILLALBARBA'),(40,214,'VALSECA'),(47,214,'VILLALON DE CAMPOS'),(40,215,'VALTIENDAS'),(47,215,'VILLAMURIEL DE CAMPOS'),(40,216,'VALVERDE DEL MAJANO'),(47,216,'VILLAN DE TORDESILLAS'),(47,217,'VILLANUBLA'),(40,218,'VALLE DE TABLADILLO'),(47,218,'VILLANUEVA DE DUERO'),(40,219,'VALLELADO'),(47,219,'VILLANUEVA DE LA CONDESA'),(40,220,'VALLERUELA DE PEDRAZA'),(47,220,'VILLANUEVA DE LOS CABALLEROS'),(40,221,'VALLERUELA DE SEPULVEDA'),(47,221,'VILLANUEVA DE LOS INFANTES'),(40,222,'VEGANZONES'),(47,222,'VILLANUEVA DE SAN MANCIO'),(40,223,'VEGAS DE MATUTE'),(47,223,'VILLARDEFRADES'),(40,224,'VENTOSILLA Y TEJADILLA'),(47,224,'VILLARMENTERO DE ESGUEVA'),(40,225,'VILLACASTIN'),(47,225,'VILLASEXMIR'),(47,226,'VILLAVAQUERIN'),(47,227,'VILLAVELLID'),(40,228,'VILLAVERDE DE ISCAR'),(47,228,'VILLAVERDE DE MEDINA'),(40,229,'VILLAVERDE DE MONTEJO'),(47,229,'VILLAVICENCIO DE LOS CABALLEROS'),(40,230,'VILLEGUILLO'),(47,230,'WAMBA'),(40,231,'YANGUAS DE ERESMA'),(47,231,'ZARATAN'),(47,232,'ZARZA (LA)'),(40,233,'ZARZUELA DEL MONTE'),(40,234,'ZARZUELA DEL PINAR'),(40,901,'ORTIGOSA DEL MONTE'),(40,902,'COZUELOS DE FUENTIDUEÑA'),(40,903,'MARAZOLEJA'),(40,904,'NAVAS DE RIOFRIO'),(40,905,'CUEVAS DE PROVANCO'),(40,906,'SAN CRISTOBAL DE SEGOVIA');
/*!40000 ALTER TABLE `CURS_MUNICIPIOS` ENABLE KEYS */;
UNLOCK TABLES;

--
-- Table structure for table `CURS_PROVINCIAS`
--

DROP TABLE IF EXISTS `CURS_PROVINCIAS`;
/*!40101 SET @saved_cs_client     = @@character_set_client */;
/*!40101 SET character_set_client = utf8 */;
CREATE TABLE `CURS_PROVINCIAS` (
  `C_PROV_ID` decimal(10,0) NOT NULL,
  `D_PROV` varchar(25) COLLATE utf8_spanish_ci NOT NULL,
  `D_ABREV` varchar(2) COLLATE utf8_spanish_ci NOT NULL,
  UNIQUE KEY `CURS_PROV_PK` (`C_PROV_ID`)
) ENGINE=InnoDB DEFAULT CHARSET=utf8 COLLATE=utf8_spanish_ci;
/*!40101 SET character_set_client = @saved_cs_client */;

--
-- Dumping data for table `CURS_PROVINCIAS`
--

LOCK TABLES `CURS_PROVINCIAS` WRITE;
/*!40000 ALTER TABLE `CURS_PROVINCIAS` DISABLE KEYS */;
INSERT INTO `CURS_PROVINCIAS` VALUES (1,'ALAVA','VI'),(2,'ALBACETE','AB'),(3,'ALICANTE','A'),(4,'ALMERIA','AL'),(5,'AVILA','AV'),(6,'BADAJOZ','BA'),(7,'BALEARES','PM'),(8,'BARCELONA','B'),(9,'BURGOS','BU'),(10,'CACERES','CC'),(11,'CADIZ','CA'),(12,'CASTELLON','CS'),(13,'CIUDAD REAL','CR'),(14,'CORDOBA','CO'),(15,'CORUÑA (LA)','C'),(16,'CUENCA','CU'),(17,'GERONA','GI'),(18,'GRANADA','GR'),(19,'GUADALAJARA','GU'),(20,'GUIPUZCOA (SAN SEBASTIAN)','SS'),(21,'HUELVA','H'),(22,'HUESCA','HU'),(23,'JAEN','J'),(24,'LEON','LE'),(25,'LERIDA','L'),(26,'RIOJA (LA)','LO'),(27,'LUGO','LU'),(28,'MADRID','M'),(29,'MALAGA','MA'),(30,'MURCIA','MU'),(31,'NAVARRA','NA'),(32,'ORENSE','OR'),(33,'ASTURIAS','O'),(34,'PALENCIA','P'),(35,'PALMAS (LAS)','GC'),(36,'PONTEVEDRA','PO'),(37,'SALAMANCA','SA'),(38,'SANTA CRUZ DE TENERIFE','TF'),(39,'CANTABRIA','S'),(40,'SEGOVIA','SG'),(41,'SEVILLA','SE'),(42,'SORIA','SO'),(43,'TARRAGONA','T'),(44,'TERUEL','TE'),(45,'TOLEDO','TO'),(46,'VALENCIA','V'),(47,'VALLADOLID','VA'),(48,'VIZCAYA (BILBAO)','BI'),(49,'ZAMORA','ZA'),(50,'ZARAGOZA','Z'),(51,'CEUTA','CE'),(52,'MELILLA','ME');
/*!40000 ALTER TABLE `CURS_PROVINCIAS` ENABLE KEYS */;
UNLOCK TABLES;

--
-- Table structure for table `Usuario`
--

DROP TABLE IF EXISTS `Usuario`;
/*!40101 SET @saved_cs_client     = @@character_set_client */;
/*!40101 SET character_set_client = utf8 */;
CREATE TABLE `Usuario` (
  `id` int(11) NOT NULL,
  `login` varchar(45) COLLATE utf8_spanish_ci NOT NULL,
  `password` varchar(45) COLLATE utf8_spanish_ci NOT NULL,
  `nombre` varchar(45) COLLATE utf8_spanish_ci NOT NULL,
  `apellidos` varchar(45) COLLATE utf8_spanish_ci DEFAULT NULL,
  PRIMARY KEY (`id`)
) ENGINE=InnoDB DEFAULT CHARSET=utf8 COLLATE=utf8_spanish_ci;
/*!40101 SET character_set_client = @saved_cs_client */;

--
-- Dumping data for table `Usuario`
--

LOCK TABLES `Usuario` WRITE;
/*!40000 ALTER TABLE `Usuario` DISABLE KEYS */;
INSERT INTO `Usuario` VALUES (1,'nhpatt','O7bzwZD2NSoop3UDbDeyk7b874LsP8bUYqMOc8Uq670=','javier',NULL);
/*!40000 ALTER TABLE `Usuario` ENABLE KEYS */;
UNLOCK TABLES;

--
-- Table structure for table `hibernate_sequence`
--

DROP TABLE IF EXISTS `hibernate_sequence`;
/*!40101 SET @saved_cs_client     = @@character_set_client */;
/*!40101 SET character_set_client = utf8 */;
CREATE TABLE `hibernate_sequence` (
  `next_val` bigint(20) DEFAULT NULL
) ENGINE=InnoDB DEFAULT CHARSET=utf8 COLLATE=utf8_spanish_ci;
/*!40101 SET character_set_client = @saved_cs_client */;

--
-- Dumping data for table `hibernate_sequence`
--

LOCK TABLES `hibernate_sequence` WRITE;
/*!40000 ALTER TABLE `hibernate_sequence` DISABLE KEYS */;
INSERT INTO `hibernate_sequence` VALUES (17);
/*!40000 ALTER TABLE `hibernate_sequence` ENABLE KEYS */;
UNLOCK TABLES;
/*!40103 SET TIME_ZONE=@OLD_TIME_ZONE */;

/*!40101 SET SQL_MODE=@OLD_SQL_MODE */;
/*!40014 SET FOREIGN_KEY_CHECKS=@OLD_FOREIGN_KEY_CHECKS */;
/*!40014 SET UNIQUE_CHECKS=@OLD_UNIQUE_CHECKS */;
/*!40101 SET CHARACTER_SET_CLIENT=@OLD_CHARACTER_SET_CLIENT */;
/*!40101 SET CHARACTER_SET_RESULTS=@OLD_CHARACTER_SET_RESULTS */;
/*!40101 SET COLLATION_CONNECTION=@OLD_COLLATION_CONNECTION */;
/*!40111 SET SQL_NOTES=@OLD_SQL_NOTES */;

-- Dump completed on 2017-11-08  9:07:56
